mirna_name,P-value,FDR,Bonferroni,A,B,observed_ratio,C,D,expected_ratio,foldchange_enrichment
hsa-let-7a-2-3p,1.0,1.0,1.0,0,1,0.0,539,26380,0.020432145564821834,0.0
hsa-let-7a-3p,1.0,1.0,1.0,0,1,0.0,1698,26380,0.0643669446550417,0.0
hsa-let-7a-5p,1.0,1.0,1.0,0,1,0.0,11888,26380,0.4506444275966641,0.0
hsa-let-7b-3p,1.0,1.0,1.0,0,1,0.0,2095,26380,0.07941622441243366,0.0
hsa-let-7b-5p,1.0,1.0,1.0,0,1,0.0,11593,26380,0.439461713419257,0.0
hsa-let-7c-3p,1.0,1.0,1.0,0,1,0.0,203,26380,0.0076952236542835485,0.0
hsa-let-7c-5p,1.0,1.0,1.0,0,1,0.0,10432,26380,0.3954510993176649,0.0
hsa-let-7d-3p,1.0,1.0,1.0,0,1,0.0,796,26380,0.030174374526156178,0.0
hsa-let-7d-5p,1.0,1.0,1.0,0,1,0.0,10904,26380,0.4133434420015163,0.0
hsa-let-7e-3p,1.0,1.0,1.0,0,1,0.0,561,26380,0.021266110689916604,0.0
hsa-let-7e-5p,1.0,1.0,1.0,0,1,0.0,10725,26380,0.4065579984836998,0.0
hsa-let-7f-1-3p,1.0,1.0,1.0,0,1,0.0,856,26380,0.03244882486732373,0.0
hsa-let-7f-2-3p,1.0,1.0,1.0,0,1,0.0,2927,26380,0.11095526914329037,0.0
hsa-let-7f-5p,1.0,1.0,1.0,0,1,0.0,9828,26380,0.3725549658832449,0.0
hsa-let-7g-3p,1.0,1.0,1.0,0,1,0.0,2470,26380,0.09363153904473086,0.0
hsa-let-7g-5p,1.0,1.0,1.0,0,1,0.0,10632,26380,0.4030326004548901,0.0
hsa-let-7i-3p,1.0,1.0,1.0,0,1,0.0,2041,26380,0.07736921910538287,0.0
hsa-let-7i-5p,1.0,1.0,1.0,0,1,0.0,10962,26380,0.4155420773313116,0.0
hsa-miR-1-3p,1.0,1.0,1.0,0,1,0.0,6503,26380,0.24651250947687642,0.0
hsa-miR-100-3p,1.0,1.0,1.0,0,1,0.0,841,26380,0.03188021228203184,0.0
hsa-miR-100-5p,1.0,1.0,1.0,0,1,0.0,1068,26380,0.04048521607278241,0.0
hsa-miR-101-2-5p,1.0,1.0,1.0,0,1,0.0,4,26380,0.00015163002274450342,0.0
hsa-miR-101-3p,1.0,1.0,1.0,0,1,0.0,7239,26380,0.2744124336618651,0.0
hsa-miR-101-5p,1.0,1.0,1.0,0,1,0.0,786,26380,0.02979529946929492,0.0
hsa-miR-10393-5p,1.0,1.0,1.0,0,1,0.0,1,26380,3.7907505686125855e-05,0.0
hsa-miR-10394-3p,1.0,1.0,1.0,0,1,0.0,3,26380,0.00011372251705837755,0.0
hsa-miR-10395-3p,1.0,1.0,1.0,0,1,0.0,15,26380,0.0005686125852918878,0.0
hsa-miR-10399-3p,1.0,1.0,1.0,0,1,0.0,135,26380,0.00511751326762699,0.0
hsa-miR-10399-5p,1.0,1.0,1.0,0,1,0.0,278,26380,0.010538286580742988,0.0
hsa-miR-103a-1-5p,1.0,1.0,1.0,0,1,0.0,468,26380,0.0177407126611069,0.0
hsa-miR-103a-2-5p,1.0,1.0,1.0,0,1,0.0,1060,26380,0.0401819560272934,0.0
hsa-miR-103a-3p,1.0,1.0,1.0,0,1,0.0,9621,26380,0.36470811220621685,0.0
hsa-miR-103b,1.0,1.0,1.0,0,1,0.0,947,26380,0.03589840788476118,0.0
hsa-miR-10401-3p,1.0,1.0,1.0,0,1,0.0,5,26380,0.00018953752843062926,0.0
hsa-miR-105-3p,1.0,1.0,1.0,0,1,0.0,455,26380,0.017247915087187263,0.0
hsa-miR-105-5p,1.0,1.0,1.0,0,1,0.0,799,26380,0.030288097043214557,0.0
hsa-miR-10522-5p,1.0,1.0,1.0,0,1,0.0,137,26380,0.005193328278999242,0.0
hsa-miR-10527-5p,1.0,1.0,1.0,0,1,0.0,39,26380,0.0014783927217589083,0.0
hsa-miR-106a-3p,1.0,1.0,1.0,0,1,0.0,350,26380,0.013267626990144048,0.0
hsa-miR-106a-5p,1.0,1.0,1.0,0,1,0.0,8624,26380,0.32691432903714934,0.0
hsa-miR-106b-3p,1.0,1.0,1.0,0,1,0.0,1055,26380,0.03999241849886277,0.0
hsa-miR-106b-5p,1.0,1.0,1.0,0,1,0.0,9143,26380,0.34658832448824867,0.0
hsa-miR-107,1.0,1.0,1.0,0,1,0.0,8841,26380,0.3351402577710387,0.0
hsa-miR-10a-3p,1.0,1.0,1.0,0,1,0.0,255,26380,0.009666413949962092,0.0
hsa-miR-10a-5p,1.0,1.0,1.0,0,1,0.0,3482,26380,0.13199393479909022,0.0
hsa-miR-10b-3p,1.0,1.0,1.0,0,1,0.0,38,26380,0.0014404852160727823,0.0
hsa-miR-10b-5p,1.0,1.0,1.0,0,1,0.0,3350,26380,0.1269901440485216,0.0
hsa-miR-1179,1.0,1.0,1.0,0,1,0.0,420,26380,0.01592115238817286,0.0
hsa-miR-1180-3p,1.0,1.0,1.0,0,1,0.0,1551,26380,0.0587945413191812,0.0
hsa-miR-1182,1.0,1.0,1.0,0,1,0.0,85,26380,0.0032221379833206974,0.0
hsa-miR-1185-1-3p,1.0,1.0,1.0,0,1,0.0,189,26380,0.007164518574677786,0.0
hsa-miR-1185-2-3p,1.0,1.0,1.0,0,1,0.0,17,26380,0.0006444275966641395,0.0
hsa-miR-1185-5p,1.0,1.0,1.0,0,1,0.0,429,26380,0.016262319939347993,0.0
hsa-miR-1197,1.0,1.0,1.0,0,1,0.0,362,26380,0.013722517058377558,0.0
hsa-miR-12135,1.0,1.0,1.0,0,1,0.0,28,26380,0.0010614101592115238,0.0
hsa-miR-12136,1.0,1.0,1.0,0,1,0.0,16,26380,0.0006065200909780137,0.0
hsa-miR-122-3p,1.0,1.0,1.0,0,1,0.0,1,26380,3.7907505686125855e-05,0.0
hsa-miR-122-5p,1.0,1.0,1.0,0,1,0.0,2640,26380,0.10007581501137225,0.0
hsa-miR-1224-3p,1.0,1.0,1.0,0,1,0.0,7,26380,0.00026535253980288095,0.0
hsa-miR-1224-5p,1.0,1.0,1.0,0,1,0.0,216,26380,0.008188021228203184,0.0
hsa-miR-1225-3p,1.0,1.0,1.0,0,1,0.0,286,26380,0.010841546626231994,0.0
hsa-miR-1225-5p,1.0,1.0,1.0,0,1,0.0,1268,26380,0.04806671721000758,0.0
hsa-miR-1226-3p,1.0,1.0,1.0,0,1,0.0,312,26380,0.011827141774071267,0.0
hsa-miR-1226-5p,1.0,1.0,1.0,0,1,0.0,224,26380,0.00849128127369219,0.0
hsa-miR-1229-3p,1.0,1.0,1.0,0,1,0.0,28,26380,0.0010614101592115238,0.0
hsa-miR-122b-5p,1.0,1.0,1.0,0,1,0.0,44,26380,0.0016679302501895375,0.0
hsa-miR-1234-3p,1.0,1.0,1.0,0,1,0.0,140,26380,0.00530705079605762,0.0
hsa-miR-1236-3p,1.0,1.0,1.0,0,1,0.0,90,26380,0.003411675511751327,0.0
hsa-miR-1237-3p,1.0,1.0,1.0,0,1,0.0,18,26380,0.0006823351023502654,0.0
hsa-miR-124-3p,1.0,1.0,1.0,0,1,0.0,7627,26380,0.2891205458680819,0.0
hsa-miR-124-5p,1.0,1.0,1.0,0,1,0.0,660,26380,0.025018953752843062,0.0
hsa-miR-1244,1.0,1.0,1.0,0,1,0.0,40,26380,0.001516300227445034,0.0
hsa-miR-1246,1.0,1.0,1.0,0,1,0.0,456,26380,0.01728582259287339,0.0
hsa-miR-1247-5p,1.0,1.0,1.0,0,1,0.0,48,26380,0.0018195602729340408,0.0
hsa-miR-1248,1.0,1.0,1.0,0,1,0.0,58,26380,0.0021986353297952996,0.0
hsa-miR-1249-3p,1.0,1.0,1.0,0,1,0.0,234,26380,0.00887035633055345,0.0
hsa-miR-1250-5p,1.0,1.0,1.0,0,1,0.0,112,26380,0.004245640636846095,0.0
hsa-miR-1251-5p,1.0,1.0,1.0,0,1,0.0,87,26380,0.0032979529946929494,0.0
hsa-miR-1252-5p,1.0,1.0,1.0,0,1,0.0,2,26380,7.581501137225171e-05,0.0
hsa-miR-1255a,1.0,1.0,1.0,0,1,0.0,387,26380,0.014670204700530706,0.0
hsa-miR-125a-3p,1.0,1.0,1.0,0,1,0.0,2413,26380,0.09147081122062169,0.0
hsa-miR-125a-5p,1.0,1.0,1.0,0,1,0.0,1677,26380,0.06357088703563306,0.0
hsa-miR-125b-1-3p,1.0,1.0,1.0,0,1,0.0,1936,26380,0.07338893100833965,0.0
hsa-miR-125b-2-3p,1.0,1.0,1.0,0,1,0.0,965,26380,0.03658074298711145,0.0
hsa-miR-125b-5p,1.0,1.0,1.0,0,1,0.0,1866,26380,0.07073540561031084,0.0
hsa-miR-126-3p,1.0,1.0,1.0,0,1,0.0,1162,26380,0.04404852160727824,0.0
hsa-miR-126-5p,1.0,1.0,1.0,0,1,0.0,1149,26380,0.043555724033358605,0.0
hsa-miR-1260a,1.0,1.0,1.0,0,1,0.0,105,26380,0.003980288097043215,0.0
hsa-miR-1260b,1.0,1.0,1.0,0,1,0.0,153,26380,0.005799848369977255,0.0
hsa-miR-1262,1.0,1.0,1.0,0,1,0.0,102,26380,0.003866565579984837,0.0
hsa-miR-1263,1.0,1.0,1.0,0,1,0.0,36,26380,0.0013646702047005307,0.0
hsa-miR-1264,1.0,1.0,1.0,0,1,0.0,374,26380,0.014177407126611068,0.0
hsa-miR-1266-5p,1.0,1.0,1.0,0,1,0.0,987,26380,0.037414708112206214,0.0
hsa-miR-1267,1.0,1.0,1.0,0,1,0.0,6,26380,0.0002274450341167551,0.0
hsa-miR-1268a,1.0,1.0,1.0,0,1,0.0,137,26380,0.005193328278999242,0.0
hsa-miR-1268b,1.0,1.0,1.0,0,1,0.0,125,26380,0.0047384382107657315,0.0
hsa-miR-1269a,1.0,1.0,1.0,0,1,0.0,641,26380,0.02429871114480667,0.0
hsa-miR-1269b,1.0,1.0,1.0,0,1,0.0,490,26380,0.018574677786201668,0.0
hsa-miR-127-3p,1.0,1.0,1.0,0,1,0.0,456,26380,0.01728582259287339,0.0
hsa-miR-127-5p,1.0,1.0,1.0,0,1,0.0,1348,26380,0.05109931766489765,0.0
hsa-miR-1270,1.0,1.0,1.0,0,1,0.0,1125,26380,0.04264594389689159,0.0
hsa-miR-1271-3p,1.0,1.0,1.0,0,1,0.0,722,26380,0.027369219105382866,0.0
hsa-miR-1271-5p,1.0,1.0,1.0,0,1,0.0,3176,26380,0.12039423805913571,0.0
hsa-miR-1273h-3p,1.0,1.0,1.0,0,1,0.0,102,26380,0.003866565579984837,0.0
hsa-miR-1273h-5p,1.0,1.0,1.0,0,1,0.0,920,26380,0.034874905231235785,0.0
hsa-miR-1275,1.0,1.0,1.0,0,1,0.0,876,26380,0.033206974981046244,0.0
hsa-miR-1276,1.0,1.0,1.0,0,1,0.0,176,26380,0.00667172100075815,0.0
hsa-miR-1277-3p,1.0,1.0,1.0,0,1,0.0,78,26380,0.0029567854435178166,0.0
hsa-miR-1277-5p,1.0,1.0,1.0,0,1,0.0,29,26380,0.0010993176648976498,0.0
hsa-miR-1278,1.0,1.0,1.0,0,1,0.0,9,26380,0.0003411675511751327,0.0
hsa-miR-128-1-5p,1.0,1.0,1.0,0,1,0.0,1730,26380,0.06557998483699773,0.0
hsa-miR-128-2-5p,1.0,1.0,1.0,0,1,0.0,35,26380,0.001326762699014405,0.0
hsa-miR-128-3p,1.0,1.0,1.0,0,1,0.0,4425,26380,0.1677407126611069,0.0
hsa-miR-1282,1.0,1.0,1.0,0,1,0.0,60,26380,0.002274450341167551,0.0
hsa-miR-1283,1.0,1.0,1.0,0,1,0.0,151,26380,0.005724033358605004,0.0
hsa-miR-1284,1.0,1.0,1.0,0,1,0.0,213,26380,0.008074298711144807,0.0
hsa-miR-1285-3p,1.0,1.0,1.0,0,1,0.0,3400,26380,0.1288855193328279,0.0
hsa-miR-1285-5p,1.0,1.0,1.0,0,1,0.0,242,26380,0.009173616376042457,0.0
hsa-miR-1286,1.0,1.0,1.0,0,1,0.0,98,26380,0.0037149355572403337,0.0
hsa-miR-1287-3p,1.0,1.0,1.0,0,1,0.0,254,26380,0.009628506444275967,0.0
hsa-miR-1287-5p,1.0,1.0,1.0,0,1,0.0,1365,26380,0.05174374526156179,0.0
hsa-miR-1288-3p,1.0,1.0,1.0,0,1,0.0,13,26380,0.0004927975739196361,0.0
hsa-miR-129-1-3p,1.0,1.0,1.0,0,1,0.0,633,26380,0.023995451099317666,0.0
hsa-miR-129-2-3p,1.0,1.0,1.0,0,1,0.0,2521,26380,0.09556482183472327,0.0
hsa-miR-129-5p,1.0,1.0,1.0,0,1,0.0,355,26380,0.013457164518574679,0.0
hsa-miR-1290,1.0,1.0,1.0,0,1,0.0,810,26380,0.03070507960576194,0.0
hsa-miR-1291,1.0,1.0,1.0,0,1,0.0,56,26380,0.0021228203184230476,0.0
hsa-miR-1292-5p,1.0,1.0,1.0,0,1,0.0,525,26380,0.01990144048521607,0.0
hsa-miR-1293,1.0,1.0,1.0,0,1,0.0,391,26380,0.014821834723275208,0.0
hsa-miR-1294,1.0,1.0,1.0,0,1,0.0,1,26380,3.7907505686125855e-05,0.0
hsa-miR-1295a,1.0,1.0,1.0,0,1,0.0,54,26380,0.002047005307050796,0.0
hsa-miR-1296-3p,1.0,1.0,1.0,0,1,0.0,104,26380,0.003942380591357089,0.0
hsa-miR-1296-5p,1.0,1.0,1.0,0,1,0.0,1536,26380,0.05822592873388931,0.0
hsa-miR-1297,1.0,1.0,1.0,0,1,0.0,285,26380,0.010803639120545869,0.0
hsa-miR-1298-5p,1.0,1.0,1.0,0,1,0.0,299,26380,0.01133434420015163,0.0
hsa-miR-1299,1.0,1.0,1.0,0,1,0.0,406,26380,0.015390447308567097,0.0
hsa-miR-1301-3p,1.0,1.0,1.0,0,1,0.0,3690,26380,0.13987869598180439,0.0
hsa-miR-1302,1.0,1.0,1.0,0,1,0.0,65,26380,0.0024639878695981803,0.0
hsa-miR-1303,1.0,1.0,1.0,0,1,0.0,475,26380,0.01800606520090978,0.0
hsa-miR-1304-3p,1.0,1.0,1.0,0,1,0.0,1313,26380,0.049772554965883245,0.0
hsa-miR-1304-5p,1.0,1.0,1.0,0,1,0.0,250,26380,0.009476876421531463,0.0
hsa-miR-1305,1.0,1.0,1.0,0,1,0.0,111,26380,0.00420773313115997,0.0
hsa-miR-1306-3p,1.0,1.0,1.0,0,1,0.0,113,26380,0.004283548142532221,0.0
hsa-miR-1306-5p,1.0,1.0,1.0,0,1,0.0,191,26380,0.007240333586050038,0.0
hsa-miR-1307-3p,1.0,1.0,1.0,0,1,0.0,589,26380,0.02232752084912813,0.0
hsa-miR-1307-5p,1.0,1.0,1.0,0,1,0.0,479,26380,0.018157695223654284,0.0
hsa-miR-130a-3p,1.0,1.0,1.0,0,1,0.0,5449,26380,0.20655799848369977,0.0
hsa-miR-130a-5p,1.0,1.0,1.0,0,1,0.0,154,26380,0.005837755875663381,0.0
hsa-miR-130b-3p,1.0,1.0,1.0,0,1,0.0,6426,26380,0.24359363153904473,0.0
hsa-miR-130b-5p,1.0,1.0,1.0,0,1,0.0,1673,26380,0.06341925701288856,0.0
hsa-miR-132-3p,1.0,1.0,1.0,0,1,0.0,3096,26380,0.11736163760424564,0.0
hsa-miR-132-5p,1.0,1.0,1.0,0,1,0.0,349,26380,0.013229719484457923,0.0
hsa-miR-1323,1.0,1.0,1.0,0,1,0.0,72,26380,0.0027293404094010615,0.0
hsa-miR-133a-3p,1.0,1.0,1.0,0,1,0.0,1550,26380,0.05875663381349507,0.0
hsa-miR-133a-5p,1.0,1.0,1.0,0,1,0.0,273,26380,0.010348749052312358,0.0
hsa-miR-133b,1.0,1.0,1.0,0,1,0.0,910,26380,0.03449583017437453,0.0
hsa-miR-134-3p,1.0,1.0,1.0,0,1,0.0,10,26380,0.0003790750568612585,0.0
hsa-miR-134-5p,1.0,1.0,1.0,0,1,0.0,905,26380,0.0343062926459439,0.0
hsa-miR-1343-3p,1.0,1.0,1.0,0,1,0.0,1333,26380,0.05053070507960576,0.0
hsa-miR-135a-2-3p,1.0,1.0,1.0,0,1,0.0,966,26380,0.036618650492797576,0.0
hsa-miR-135a-3p,1.0,1.0,1.0,0,1,0.0,22,26380,0.0008339651250947687,0.0
hsa-miR-135a-5p,1.0,1.0,1.0,0,1,0.0,622,26380,0.02357846853677028,0.0
hsa-miR-135b-3p,1.0,1.0,1.0,0,1,0.0,1894,26380,0.07179681576952236,0.0
hsa-miR-135b-5p,1.0,1.0,1.0,0,1,0.0,2146,26380,0.08134950720242608,0.0
hsa-miR-136-3p,1.0,1.0,1.0,0,1,0.0,686,26380,0.026004548900682337,0.0
hsa-miR-136-5p,1.0,1.0,1.0,0,1,0.0,307,26380,0.011637604245640637,0.0
hsa-miR-137-3p,1.0,1.0,1.0,0,1,0.0,345,26380,0.013078089461713419,0.0
hsa-miR-137-5p,1.0,1.0,1.0,0,1,0.0,71,26380,0.0026914329037149355,0.0
hsa-miR-138-1-3p,1.0,1.0,1.0,0,1,0.0,301,26380,0.011410159211523881,0.0
hsa-miR-138-2-3p,1.0,1.0,1.0,0,1,0.0,629,26380,0.023843821076573162,0.0
hsa-miR-138-5p,1.0,1.0,1.0,0,1,0.0,3919,26380,0.1485595147839272,0.0
hsa-miR-139-3p,1.0,1.0,1.0,0,1,0.0,1116,26380,0.04230477634571645,0.0
hsa-miR-139-5p,1.0,1.0,1.0,0,1,0.0,8056,26380,0.30538286580742985,0.0
hsa-miR-140-3p,1.0,1.0,1.0,0,1,0.0,2185,26380,0.08282789992418499,0.0
hsa-miR-140-5p,1.0,1.0,1.0,0,1,0.0,2090,26380,0.07922668688400303,0.0
hsa-miR-141-3p,1.0,1.0,1.0,0,1,0.0,2004,26380,0.0759666413949962,0.0
hsa-miR-141-5p,1.0,1.0,1.0,0,1,0.0,2962,26380,0.11228203184230477,0.0
hsa-miR-142-3p,1.0,1.0,1.0,0,1,0.0,2143,26380,0.0812357846853677,0.0
hsa-miR-142-5p,1.0,1.0,1.0,0,1,0.0,4736,26380,0.17952994692949203,0.0
hsa-miR-143-3p,1.0,1.0,1.0,0,1,0.0,2246,26380,0.08514025777103866,0.0
hsa-miR-143-5p,1.0,1.0,1.0,0,1,0.0,598,26380,0.02266868840030326,0.0
hsa-miR-144-3p,1.0,1.0,1.0,0,1,0.0,155,26380,0.005875663381349507,0.0
hsa-miR-144-5p,1.0,1.0,1.0,0,1,0.0,657,26380,0.024905231235784687,0.0
hsa-miR-145-3p,1.0,1.0,1.0,0,1,0.0,3037,26380,0.11512509476876422,0.0
hsa-miR-145-5p,1.0,1.0,1.0,0,1,0.0,1322,26380,0.050113722517058375,0.0
hsa-miR-1468-3p,1.0,1.0,1.0,0,1,0.0,3,26380,0.00011372251705837755,0.0
hsa-miR-1468-5p,1.0,1.0,1.0,0,1,0.0,198,26380,0.0075056861258529185,0.0
hsa-miR-146a-3p,1.0,1.0,1.0,0,1,0.0,103,26380,0.003904473085670963,0.0
hsa-miR-146a-5p,1.0,1.0,1.0,0,1,0.0,4849,26380,0.18381349507202427,0.0
hsa-miR-146b-3p,1.0,1.0,1.0,0,1,0.0,42,26380,0.001592115238817286,0.0
hsa-miR-146b-5p,1.0,1.0,1.0,0,1,0.0,3118,26380,0.1181956027293404,0.0
hsa-miR-147a,1.0,1.0,1.0,0,1,0.0,2665,26380,0.1010235026535254,0.0
hsa-miR-147b-3p,1.0,1.0,1.0,0,1,0.0,2036,26380,0.07717968157695224,0.0
hsa-miR-148a-3p,1.0,1.0,1.0,0,1,0.0,5941,26380,0.22520849128127368,0.0
hsa-miR-148a-5p,1.0,1.0,1.0,0,1,0.0,2087,26380,0.07911296436694465,0.0
hsa-miR-148b-3p,1.0,1.0,1.0,0,1,0.0,6011,26380,0.2278620166793025,0.0
hsa-miR-148b-5p,1.0,1.0,1.0,0,1,0.0,4522,26380,0.1714177407126611,0.0
hsa-miR-149-3p,1.0,1.0,1.0,0,1,0.0,21,26380,0.000796057619408643,0.0
hsa-miR-149-5p,1.0,1.0,1.0,0,1,0.0,1746,26380,0.06618650492797575,0.0
hsa-miR-150-3p,1.0,1.0,1.0,0,1,0.0,200,26380,0.0075815011372251705,0.0
hsa-miR-150-5p,1.0,1.0,1.0,0,1,0.0,869,26380,0.032941622441243365,0.0
hsa-miR-151a-3p,1.0,1.0,1.0,0,1,0.0,2442,26380,0.09257012888551933,0.0
hsa-miR-151a-5p,1.0,1.0,1.0,0,1,0.0,2922,26380,0.11076573161485974,0.0
hsa-miR-151b,1.0,1.0,1.0,0,1,0.0,2101,26380,0.07964366944655042,0.0
hsa-miR-152-3p,1.0,1.0,1.0,0,1,0.0,3500,26380,0.1326762699014405,0.0
hsa-miR-152-5p,1.0,1.0,1.0,0,1,0.0,498,26380,0.018877937831690676,0.0
hsa-miR-153-3p,1.0,1.0,1.0,0,1,0.0,866,26380,0.032827899924184986,0.0
hsa-miR-153-5p,1.0,1.0,1.0,0,1,0.0,197,26380,0.007467778620166793,0.0
hsa-miR-1537-3p,1.0,1.0,1.0,0,1,0.0,10,26380,0.0003790750568612585,0.0
hsa-miR-1537-5p,1.0,1.0,1.0,0,1,0.0,10,26380,0.0003790750568612585,0.0
hsa-miR-154-3p,1.0,1.0,1.0,0,1,0.0,385,26380,0.014594389689158454,0.0
hsa-miR-154-5p,1.0,1.0,1.0,0,1,0.0,345,26380,0.013078089461713419,0.0
hsa-miR-155-3p,1.0,1.0,1.0,0,1,0.0,109,26380,0.004131918119787718,0.0
hsa-miR-155-5p,1.0,1.0,1.0,0,1,0.0,4379,26380,0.16599696739954511,0.0
hsa-miR-15a-3p,1.0,1.0,1.0,0,1,0.0,1522,26380,0.05769522365428355,0.0
hsa-miR-15a-5p,1.0,1.0,1.0,0,1,0.0,11329,26380,0.42945413191811976,0.0
hsa-miR-15b-3p,1.0,1.0,1.0,0,1,0.0,5488,26380,0.2080363912054587,0.0
hsa-miR-15b-5p,1.0,1.0,1.0,0,1,0.0,9728,26380,0.36876421531463227,0.0
hsa-miR-16-1-3p,1.0,1.0,1.0,0,1,0.0,1709,26380,0.06478392721758908,0.0
hsa-miR-16-2-3p,1.0,1.0,1.0,0,1,0.0,873,26380,0.03309325246398787,0.0
hsa-miR-16-5p,1.0,1.0,1.0,0,1,0.0,9811,26380,0.3719105382865807,0.0
hsa-miR-17-3p,1.0,1.0,1.0,0,1,0.0,2916,26380,0.11053828658074298,0.0
hsa-miR-17-5p,1.0,1.0,1.0,0,1,0.0,10048,26380,0.3808946171341926,0.0
hsa-miR-181a-2-3p,1.0,1.0,1.0,0,1,0.0,1696,26380,0.06429112964366945,0.0
hsa-miR-181a-3p,1.0,1.0,1.0,0,1,0.0,929,26380,0.035216072782410915,0.0
hsa-miR-181a-5p,1.0,1.0,1.0,0,1,0.0,7001,26380,0.2653904473085671,0.0
hsa-miR-181b-2-3p,1.0,1.0,1.0,0,1,0.0,91,26380,0.0034495830174374525,0.0
hsa-miR-181b-3p,1.0,1.0,1.0,0,1,0.0,857,26380,0.032486732373009856,0.0
hsa-miR-181b-5p,1.0,1.0,1.0,0,1,0.0,7267,26380,0.2754738438210766,0.0
hsa-miR-181c-3p,1.0,1.0,1.0,0,1,0.0,529,26380,0.020053070507960576,0.0
hsa-miR-181c-5p,1.0,1.0,1.0,0,1,0.0,2587,26380,0.09806671721000758,0.0
hsa-miR-181d-5p,1.0,1.0,1.0,0,1,0.0,5338,26380,0.2023502653525398,0.0
hsa-miR-182-3p,1.0,1.0,1.0,0,1,0.0,2040,26380,0.07733131159969674,0.0
hsa-miR-182-5p,1.0,1.0,1.0,0,1,0.0,7988,26380,0.3028051554207733,0.0
hsa-miR-1827,1.0,1.0,1.0,0,1,0.0,119,26380,0.004510993176648976,0.0
hsa-miR-183-3p,1.0,1.0,1.0,0,1,0.0,2010,26380,0.07619408642911296,0.0
hsa-miR-183-5p,1.0,1.0,1.0,0,1,0.0,7009,26380,0.2656937073540561,0.0
hsa-miR-184,1.0,1.0,1.0,0,1,0.0,379,26380,0.014366944655041698,0.0
hsa-miR-1843,1.0,1.0,1.0,0,1,0.0,1786,26380,0.06770280515542078,0.0
hsa-miR-185-3p,1.0,1.0,1.0,0,1,0.0,894,26380,0.03388931008339651,0.0
hsa-miR-185-5p,1.0,1.0,1.0,0,1,0.0,4254,26380,0.16125852918877936,0.0
hsa-miR-186-3p,1.0,1.0,1.0,0,1,0.0,203,26380,0.0076952236542835485,0.0
hsa-miR-186-5p,1.0,1.0,1.0,0,1,0.0,3158,26380,0.11971190295678544,0.0
hsa-miR-187-3p,1.0,1.0,1.0,0,1,0.0,561,26380,0.021266110689916604,0.0
hsa-miR-187-5p,1.0,1.0,1.0,0,1,0.0,92,26380,0.0034874905231235785,0.0
hsa-miR-188-3p,1.0,1.0,1.0,0,1,0.0,6,26380,0.0002274450341167551,0.0
hsa-miR-188-5p,1.0,1.0,1.0,0,1,0.0,730,26380,0.027672479150871874,0.0
hsa-miR-18a-3p,1.0,1.0,1.0,0,1,0.0,970,26380,0.03677028051554208,0.0
hsa-miR-18a-5p,1.0,1.0,1.0,0,1,0.0,9556,26380,0.3622441243366187,0.0
hsa-miR-18b-3p,1.0,1.0,1.0,0,1,0.0,28,26380,0.0010614101592115238,0.0
hsa-miR-18b-5p,1.0,1.0,1.0,0,1,0.0,7587,26380,0.28760424564063686,0.0
hsa-miR-1908-5p,1.0,1.0,1.0,0,1,0.0,34,26380,0.001288855193328279,0.0
hsa-miR-1909-3p,1.0,1.0,1.0,0,1,0.0,1,26380,3.7907505686125855e-05,0.0
hsa-miR-1909-5p,1.0,1.0,1.0,0,1,0.0,1,26380,3.7907505686125855e-05,0.0
hsa-miR-190a-3p,1.0,1.0,1.0,0,1,0.0,14,26380,0.0005307050796057619,0.0
hsa-miR-190a-5p,1.0,1.0,1.0,0,1,0.0,455,26380,0.017247915087187263,0.0
hsa-miR-190b-3p,1.0,1.0,1.0,0,1,0.0,3,26380,0.00011372251705837755,0.0
hsa-miR-190b-5p,1.0,1.0,1.0,0,1,0.0,277,26380,0.01050037907505686,0.0
hsa-miR-191-3p,1.0,1.0,1.0,0,1,0.0,372,26380,0.014101592115238818,0.0
hsa-miR-191-5p,1.0,1.0,1.0,0,1,0.0,7498,26380,0.28423047763457165,0.0
hsa-miR-1910-3p,1.0,1.0,1.0,0,1,0.0,2,26380,7.581501137225171e-05,0.0
hsa-miR-1910-5p,1.0,1.0,1.0,0,1,0.0,1293,26380,0.04901440485216073,0.0
hsa-miR-1911-5p,1.0,1.0,1.0,0,1,0.0,334,26380,0.012661106899166035,0.0
hsa-miR-1912-3p,1.0,1.0,1.0,0,1,0.0,385,26380,0.014594389689158454,0.0
hsa-miR-1912-5p,1.0,1.0,1.0,0,1,0.0,185,26380,0.007012888551933283,0.0
hsa-miR-1914-3p,1.0,1.0,1.0,0,1,0.0,63,26380,0.0023881728582259287,0.0
hsa-miR-1914-5p,1.0,1.0,1.0,0,1,0.0,28,26380,0.0010614101592115238,0.0
hsa-miR-1915-5p,1.0,1.0,1.0,0,1,0.0,1,26380,3.7907505686125855e-05,0.0
hsa-miR-192-3p,1.0,1.0,1.0,0,1,0.0,440,26380,0.016679302501895376,0.0
hsa-miR-192-5p,1.0,1.0,1.0,0,1,0.0,2084,26380,0.07899924184988628,0.0
hsa-miR-193a-3p,1.0,1.0,1.0,0,1,0.0,3554,26380,0.13472327520849128,0.0
hsa-miR-193a-5p,1.0,1.0,1.0,0,1,0.0,779,26380,0.02952994692949204,0.0
hsa-miR-193b-3p,1.0,1.0,1.0,0,1,0.0,4376,26380,0.16588324488248674,0.0
hsa-miR-193b-5p,1.0,1.0,1.0,0,1,0.0,1241,26380,0.04704321455648219,0.0
hsa-miR-194-3p,1.0,1.0,1.0,0,1,0.0,315,26380,0.011940864291129644,0.0
hsa-miR-194-5p,1.0,1.0,1.0,0,1,0.0,5269,26380,0.19973464746019712,0.0
hsa-miR-195-3p,1.0,1.0,1.0,0,1,0.0,787,26380,0.029833206974981045,0.0
hsa-miR-195-5p,1.0,1.0,1.0,0,1,0.0,6522,26380,0.2472327520849128,0.0
hsa-miR-196a-1-3p,1.0,1.0,1.0,0,1,0.0,1,26380,3.7907505686125855e-05,0.0
hsa-miR-196a-3p,1.0,1.0,1.0,0,1,0.0,201,26380,0.0076194086429112965,0.0
hsa-miR-196a-5p,1.0,1.0,1.0,0,1,0.0,9613,26380,0.3644048521607278,0.0
hsa-miR-196b-3p,1.0,1.0,1.0,0,1,0.0,16,26380,0.0006065200909780137,0.0
hsa-miR-196b-5p,1.0,1.0,1.0,0,1,0.0,4873,26380,0.18472327520849127,0.0
hsa-miR-197-3p,1.0,1.0,1.0,0,1,0.0,2077,26380,0.07873388931008339,0.0
hsa-miR-197-5p,1.0,1.0,1.0,0,1,0.0,1072,26380,0.04063684609552692,0.0
hsa-miR-1972,1.0,1.0,1.0,0,1,0.0,29,26380,0.0010993176648976498,0.0
hsa-miR-1973,1.0,1.0,1.0,0,1,0.0,74,26380,0.002805155420773313,0.0
hsa-miR-199a-3p,1.0,1.0,1.0,0,1,0.0,1824,26380,0.06914329037149355,0.0
hsa-miR-199a-5p,1.0,1.0,1.0,0,1,0.0,794,26380,0.030098559514783928,0.0
hsa-miR-199b-3p,1.0,1.0,1.0,0,1,0.0,1160,26380,0.04397270659590599,0.0
hsa-miR-199b-5p,1.0,1.0,1.0,0,1,0.0,377,26380,0.014291129643669447,0.0
hsa-miR-19a-3p,1.0,1.0,1.0,0,1,0.0,9318,26380,0.3532221379833207,0.0
hsa-miR-19a-5p,1.0,1.0,1.0,0,1,0.0,532,26380,0.020166793025018954,0.0
hsa-miR-19b-1-5p,1.0,1.0,1.0,0,1,0.0,1534,26380,0.058150113722517056,0.0
hsa-miR-19b-3p,1.0,1.0,1.0,0,1,0.0,9315,26380,0.3531084154662623,0.0
hsa-miR-200a-3p,1.0,1.0,1.0,0,1,0.0,1766,26380,0.06694465504169826,0.0
hsa-miR-200a-5p,1.0,1.0,1.0,0,1,0.0,2240,26380,0.08491281273692192,0.0
hsa-miR-200b-3p,1.0,1.0,1.0,0,1,0.0,2917,26380,0.11057619408642912,0.0
hsa-miR-200b-5p,1.0,1.0,1.0,0,1,0.0,347,26380,0.01315390447308567,0.0
hsa-miR-200c-3p,1.0,1.0,1.0,0,1,0.0,2884,26380,0.10932524639878696,0.0
hsa-miR-200c-5p,1.0,1.0,1.0,0,1,0.0,176,26380,0.00667172100075815,0.0
hsa-miR-202-3p,1.0,1.0,1.0,0,1,0.0,223,26380,0.008453373768006065,0.0
hsa-miR-202-5p,1.0,1.0,1.0,0,1,0.0,131,26380,0.004965883244882487,0.0
hsa-miR-203a-3p,1.0,1.0,1.0,0,1,0.0,3775,26380,0.1431008339651251,0.0
hsa-miR-203a-5p,1.0,1.0,1.0,0,1,0.0,15,26380,0.0005686125852918878,0.0
hsa-miR-203b-3p,1.0,1.0,1.0,0,1,0.0,97,26380,0.0036770280515542077,0.0
hsa-miR-203b-5p,1.0,1.0,1.0,0,1,0.0,1909,26380,0.07236542835481426,0.0
hsa-miR-204-3p,1.0,1.0,1.0,0,1,0.0,48,26380,0.0018195602729340408,0.0
hsa-miR-204-5p,1.0,1.0,1.0,0,1,0.0,1266,26380,0.04799090219863533,0.0
hsa-miR-205-5p,1.0,1.0,1.0,0,1,0.0,3029,26380,0.11482183472327522,0.0
hsa-miR-206,1.0,1.0,1.0,0,1,0.0,1187,26380,0.04499620924943139,0.0
hsa-miR-208a-3p,1.0,1.0,1.0,0,1,0.0,50,26380,0.0018953752843062926,0.0
hsa-miR-208a-5p,1.0,1.0,1.0,0,1,0.0,10,26380,0.0003790750568612585,0.0
hsa-miR-208b-3p,1.0,1.0,1.0,0,1,0.0,24,26380,0.0009097801364670204,0.0
hsa-miR-20a-3p,1.0,1.0,1.0,0,1,0.0,1225,26380,0.04643669446550417,0.0
hsa-miR-20a-5p,1.0,1.0,1.0,0,1,0.0,8849,26380,0.33544351781652765,0.0
hsa-miR-20b-3p,1.0,1.0,1.0,0,1,0.0,635,26380,0.024071266110689916,0.0
hsa-miR-20b-5p,1.0,1.0,1.0,0,1,0.0,10403,26380,0.39435178165276724,0.0
hsa-miR-21-3p,1.0,1.0,1.0,0,1,0.0,1854,26380,0.07028051554207733,0.0
hsa-miR-21-5p,1.0,1.0,1.0,0,1,0.0,8118,26380,0.3077331311599697,0.0
hsa-miR-210-3p,1.0,1.0,1.0,0,1,0.0,7713,26380,0.2923805913570887,0.0
hsa-miR-210-5p,1.0,1.0,1.0,0,1,0.0,25,26380,0.0009476876421531463,0.0
hsa-miR-211-5p,1.0,1.0,1.0,0,1,0.0,92,26380,0.0034874905231235785,0.0
hsa-miR-2110,1.0,1.0,1.0,0,1,0.0,2182,26380,0.08271417740712661,0.0
hsa-miR-2113,1.0,1.0,1.0,0,1,0.0,54,26380,0.002047005307050796,0.0
hsa-miR-2114-3p,1.0,1.0,1.0,0,1,0.0,8,26380,0.00030326004548900684,0.0
hsa-miR-2114-5p,1.0,1.0,1.0,0,1,0.0,72,26380,0.0027293404094010615,0.0
hsa-miR-2115-5p,1.0,1.0,1.0,0,1,0.0,975,26380,0.036959818043972706,0.0
hsa-miR-2116-3p,1.0,1.0,1.0,0,1,0.0,92,26380,0.0034874905231235785,0.0
hsa-miR-212-3p,1.0,1.0,1.0,0,1,0.0,1526,26380,0.05784685367702805,0.0
hsa-miR-212-5p,1.0,1.0,1.0,0,1,0.0,274,26380,0.010386656557998484,0.0
hsa-miR-214-3p,1.0,1.0,1.0,0,1,0.0,2804,26380,0.1062926459438969,0.0
hsa-miR-214-5p,1.0,1.0,1.0,0,1,0.0,194,26380,0.007354056103108415,0.0
hsa-miR-215-5p,1.0,1.0,1.0,0,1,0.0,302,26380,0.011448066717210008,0.0
hsa-miR-216a-3p,1.0,1.0,1.0,0,1,0.0,104,26380,0.003942380591357089,0.0
hsa-miR-216a-5p,1.0,1.0,1.0,0,1,0.0,133,26380,0.005041698256254739,0.0
hsa-miR-216b-3p,1.0,1.0,1.0,0,1,0.0,34,26380,0.001288855193328279,0.0
hsa-miR-216b-5p,1.0,1.0,1.0,0,1,0.0,111,26380,0.00420773313115997,0.0
hsa-miR-217-3p,1.0,1.0,1.0,0,1,0.0,241,26380,0.00913570887035633,0.0
hsa-miR-217-5p,1.0,1.0,1.0,0,1,0.0,220,26380,0.008339651250947688,0.0
hsa-miR-218-1-3p,1.0,1.0,1.0,0,1,0.0,545,26380,0.020659590598938588,0.0
hsa-miR-218-2-3p,1.0,1.0,1.0,0,1,0.0,222,26380,0.00841546626231994,0.0
hsa-miR-218-5p,1.0,1.0,1.0,0,1,0.0,3979,26380,0.15083396512509478,0.0
hsa-miR-219a-1-3p,1.0,1.0,1.0,0,1,0.0,1278,26380,0.04844579226686884,0.0
hsa-miR-219a-2-3p,1.0,1.0,1.0,0,1,0.0,447,26380,0.016944655041698255,0.0
hsa-miR-219a-5p,1.0,1.0,1.0,0,1,0.0,487,26380,0.018460955269143292,0.0
hsa-miR-22-3p,1.0,1.0,1.0,0,1,0.0,4058,26380,0.1538286580742987,0.0
hsa-miR-22-5p,1.0,1.0,1.0,0,1,0.0,1677,26380,0.06357088703563306,0.0
hsa-miR-221-3p,1.0,1.0,1.0,0,1,0.0,6779,26380,0.25697498104624716,0.0
hsa-miR-221-5p,1.0,1.0,1.0,0,1,0.0,2985,26380,0.11315390447308567,0.0
hsa-miR-222-3p,1.0,1.0,1.0,0,1,0.0,4004,26380,0.15178165276724792,0.0
hsa-miR-222-5p,1.0,1.0,1.0,0,1,0.0,859,26380,0.03256254738438211,0.0
hsa-miR-223-3p,1.0,1.0,1.0,0,1,0.0,1033,26380,0.039158453373768005,0.0
hsa-miR-223-5p,1.0,1.0,1.0,0,1,0.0,145,26380,0.005496588324488249,0.0
hsa-miR-224-3p,1.0,1.0,1.0,0,1,0.0,179,26380,0.006785443517816528,0.0
hsa-miR-224-5p,1.0,1.0,1.0,0,1,0.0,1004,26380,0.03805913570887036,0.0
hsa-miR-2276-3p,1.0,1.0,1.0,0,1,0.0,110,26380,0.004169825625473844,0.0
hsa-miR-2276-5p,1.0,1.0,1.0,0,1,0.0,91,26380,0.0034495830174374525,0.0
hsa-miR-2277-3p,1.0,1.0,1.0,0,1,0.0,290,26380,0.010993176648976498,0.0
hsa-miR-2278,1.0,1.0,1.0,0,1,0.0,1004,26380,0.03805913570887036,0.0
hsa-miR-2355-3p,1.0,1.0,1.0,0,1,0.0,349,26380,0.013229719484457923,0.0
hsa-miR-2355-5p,1.0,1.0,1.0,0,1,0.0,89,26380,0.003373768006065201,0.0
hsa-miR-2392,1.0,1.0,1.0,0,1,0.0,1,26380,3.7907505686125855e-05,0.0
hsa-miR-23a-3p,1.0,1.0,1.0,0,1,0.0,7655,26380,0.2901819560272934,0.0
hsa-miR-23a-5p,1.0,1.0,1.0,0,1,0.0,352,26380,0.0133434420015163,0.0
hsa-miR-23b-3p,1.0,1.0,1.0,0,1,0.0,6350,26380,0.24071266110689918,0.0
hsa-miR-23b-5p,1.0,1.0,1.0,0,1,0.0,592,26380,0.022441243366186504,0.0
hsa-miR-23c,1.0,1.0,1.0,0,1,0.0,944,26380,0.0357846853677028,0.0
hsa-miR-24-1-5p,1.0,1.0,1.0,0,1,0.0,369,26380,0.01398786959818044,0.0
hsa-miR-24-2-5p,1.0,1.0,1.0,0,1,0.0,659,26380,0.024981046247156937,0.0
hsa-miR-24-3p,1.0,1.0,1.0,0,1,0.0,6036,26380,0.22880970432145564,0.0
hsa-miR-2467-5p,1.0,1.0,1.0,0,1,0.0,332,26380,0.012585291887793783,0.0
hsa-miR-25-3p,1.0,1.0,1.0,0,1,0.0,7563,26380,0.2866944655041698,0.0
hsa-miR-25-5p,1.0,1.0,1.0,0,1,0.0,1912,26380,0.07247915087187264,0.0
hsa-miR-2681-5p,1.0,1.0,1.0,0,1,0.0,328,26380,0.012433661865049279,0.0
hsa-miR-2682-3p,1.0,1.0,1.0,0,1,0.0,106,26380,0.004018195602729341,0.0
hsa-miR-2682-5p,1.0,1.0,1.0,0,1,0.0,1203,26380,0.045602729340409404,0.0
hsa-miR-26a-1-3p,1.0,1.0,1.0,0,1,0.0,74,26380,0.002805155420773313,0.0
hsa-miR-26a-2-3p,1.0,1.0,1.0,0,1,0.0,649,26380,0.02460197119029568,0.0
hsa-miR-26a-5p,1.0,1.0,1.0,0,1,0.0,9513,26380,0.36061410159211527,0.0
hsa-miR-26b-3p,1.0,1.0,1.0,0,1,0.0,1267,26380,0.048028809704321454,0.0
hsa-miR-26b-5p,1.0,1.0,1.0,0,1,0.0,9326,26380,0.3535253980288097,0.0
hsa-miR-27a-3p,1.0,1.0,1.0,0,1,0.0,9557,26380,0.3622820318423048,0.0
hsa-miR-27a-5p,1.0,1.0,1.0,0,1,0.0,3032,26380,0.11493555724033358,0.0
hsa-miR-27b-3p,1.0,1.0,1.0,0,1,0.0,6797,26380,0.25765731614859744,0.0
hsa-miR-27b-5p,1.0,1.0,1.0,0,1,0.0,1272,26380,0.04821834723275208,0.0
hsa-miR-28-3p,1.0,1.0,1.0,0,1,0.0,1482,26380,0.056178923426838515,0.0
hsa-miR-28-5p,1.0,1.0,1.0,0,1,0.0,4597,26380,0.17426080363912055,0.0
hsa-miR-296-3p,1.0,1.0,1.0,0,1,0.0,1345,26380,0.05098559514783927,0.0
hsa-miR-296-5p,1.0,1.0,1.0,0,1,0.0,82,26380,0.0031084154662623198,0.0
hsa-miR-297,1.0,1.0,1.0,0,1,0.0,401,26380,0.015200909780136468,0.0
hsa-miR-298,1.0,1.0,1.0,0,1,0.0,43,26380,0.0016300227445034117,0.0
hsa-miR-299-3p,1.0,1.0,1.0,0,1,0.0,315,26380,0.011940864291129644,0.0
hsa-miR-299-5p,1.0,1.0,1.0,0,1,0.0,346,26380,0.013115996967399545,0.0
hsa-miR-29a-3p,1.0,1.0,1.0,0,1,0.0,6785,26380,0.2572024260803639,0.0
hsa-miR-29a-5p,1.0,1.0,1.0,0,1,0.0,1010,26380,0.03828658074298711,0.0
hsa-miR-29b-1-5p,1.0,1.0,1.0,0,1,0.0,597,26380,0.022630780894617133,0.0
hsa-miR-29b-2-5p,1.0,1.0,1.0,0,1,0.0,2068,26380,0.07839272175890827,0.0
hsa-miR-29b-3p,1.0,1.0,1.0,0,1,0.0,7436,26380,0.28188021228203186,0.0
hsa-miR-29c-3p,1.0,1.0,1.0,0,1,0.0,6873,26380,0.26053828658074296,0.0
hsa-miR-29c-5p,1.0,1.0,1.0,0,1,0.0,527,26380,0.019977255496588325,0.0
hsa-miR-300,1.0,1.0,1.0,0,1,0.0,27,26380,0.001023502653525398,0.0
hsa-miR-301a-3p,1.0,1.0,1.0,0,1,0.0,4871,26380,0.18464746019711903,0.0
hsa-miR-301a-5p,1.0,1.0,1.0,0,1,0.0,302,26380,0.011448066717210008,0.0
hsa-miR-301b-3p,1.0,1.0,1.0,0,1,0.0,4376,26380,0.16588324488248674,0.0
hsa-miR-302a-3p,1.0,1.0,1.0,0,1,0.0,2351,26380,0.08912054586808188,0.0
hsa-miR-302a-5p,1.0,1.0,1.0,0,1,0.0,42,26380,0.001592115238817286,0.0
hsa-miR-302b-3p,1.0,1.0,1.0,0,1,0.0,2063,26380,0.07820318423047763,0.0
hsa-miR-302b-5p,1.0,1.0,1.0,0,1,0.0,22,26380,0.0008339651250947687,0.0
hsa-miR-302c-3p,1.0,1.0,1.0,0,1,0.0,2039,26380,0.07729340409401061,0.0
hsa-miR-302d-3p,1.0,1.0,1.0,0,1,0.0,1284,26380,0.04867323730098559,0.0
hsa-miR-302d-5p,1.0,1.0,1.0,0,1,0.0,24,26380,0.0009097801364670204,0.0
hsa-miR-302e,1.0,1.0,1.0,0,1,0.0,1336,26380,0.05064442759666414,0.0
hsa-miR-302f,1.0,1.0,1.0,0,1,0.0,141,26380,0.005344958301743745,0.0
hsa-miR-3059-3p,1.0,1.0,1.0,0,1,0.0,23,26380,0.0008718726307808946,0.0
hsa-miR-3059-5p,1.0,1.0,1.0,0,1,0.0,189,26380,0.007164518574677786,0.0
hsa-miR-3064-3p,1.0,1.0,1.0,0,1,0.0,1,26380,3.7907505686125855e-05,0.0
hsa-miR-3064-5p,1.0,1.0,1.0,0,1,0.0,46,26380,0.0017437452615617893,0.0
hsa-miR-3065-3p,1.0,1.0,1.0,0,1,0.0,368,26380,0.013949962092494314,0.0
hsa-miR-3065-5p,1.0,1.0,1.0,0,1,0.0,1314,26380,0.049810462471569374,0.0
hsa-miR-3074-3p,1.0,1.0,1.0,0,1,0.0,14,26380,0.0005307050796057619,0.0
hsa-miR-3074-5p,1.0,1.0,1.0,0,1,0.0,494,26380,0.01872630780894617,0.0
hsa-miR-3085-3p,1.0,1.0,1.0,0,1,0.0,61,26380,0.002312357846853677,0.0
hsa-miR-30a-3p,1.0,1.0,1.0,0,1,0.0,2966,26380,0.11243366186504929,0.0
hsa-miR-30a-5p,1.0,1.0,1.0,0,1,0.0,6937,26380,0.262964366944655,0.0
hsa-miR-30b-3p,1.0,1.0,1.0,0,1,0.0,3966,26380,0.15034116755117513,0.0
hsa-miR-30b-5p,1.0,1.0,1.0,0,1,0.0,2615,26380,0.09912812736921911,0.0
hsa-miR-30c-1-3p,1.0,1.0,1.0,0,1,0.0,4015,26380,0.1521986353297953,0.0
hsa-miR-30c-2-3p,1.0,1.0,1.0,0,1,0.0,3232,26380,0.12251705837755876,0.0
hsa-miR-30c-5p,1.0,1.0,1.0,0,1,0.0,2827,26380,0.10716451857467779,0.0
hsa-miR-30d-3p,1.0,1.0,1.0,0,1,0.0,2858,26380,0.10833965125094769,0.0
hsa-miR-30d-5p,1.0,1.0,1.0,0,1,0.0,5839,26380,0.22134192570128886,0.0
hsa-miR-30e-3p,1.0,1.0,1.0,0,1,0.0,4443,26380,0.16842304776345715,0.0
hsa-miR-30e-5p,1.0,1.0,1.0,0,1,0.0,4153,26380,0.15742987111448067,0.0
hsa-miR-31-3p,1.0,1.0,1.0,0,1,0.0,608,26380,0.023047763457164517,0.0
hsa-miR-31-5p,1.0,1.0,1.0,0,1,0.0,5090,26380,0.1929492039423806,0.0
hsa-miR-3115,1.0,1.0,1.0,0,1,0.0,23,26380,0.0008718726307808946,0.0
hsa-miR-3117-3p,1.0,1.0,1.0,0,1,0.0,252,26380,0.009552691432903715,0.0
hsa-miR-3117-5p,1.0,1.0,1.0,0,1,0.0,200,26380,0.0075815011372251705,0.0
hsa-miR-3120-3p,1.0,1.0,1.0,0,1,0.0,69,26380,0.002615617892342684,0.0
hsa-miR-3124-3p,1.0,1.0,1.0,0,1,0.0,46,26380,0.0017437452615617893,0.0
hsa-miR-3124-5p,1.0,1.0,1.0,0,1,0.0,10,26380,0.0003790750568612585,0.0
hsa-miR-3127-3p,1.0,1.0,1.0,0,1,0.0,35,26380,0.001326762699014405,0.0
hsa-miR-3127-5p,1.0,1.0,1.0,0,1,0.0,212,26380,0.008036391205458682,0.0
hsa-miR-3140-3p,1.0,1.0,1.0,0,1,0.0,177,26380,0.006709628506444276,0.0
hsa-miR-3140-5p,1.0,1.0,1.0,0,1,0.0,2,26380,7.581501137225171e-05,0.0
hsa-miR-3142,1.0,1.0,1.0,0,1,0.0,1,26380,3.7907505686125855e-05,0.0
hsa-miR-3144-3p,1.0,1.0,1.0,0,1,0.0,208,26380,0.007884761182714178,0.0
hsa-miR-3145-3p,1.0,1.0,1.0,0,1,0.0,1,26380,3.7907505686125855e-05,0.0
hsa-miR-3149,1.0,1.0,1.0,0,1,0.0,1015,26380,0.03847611827141774,0.0
hsa-miR-3151-5p,1.0,1.0,1.0,0,1,0.0,1,26380,3.7907505686125855e-05,0.0
hsa-miR-3152-5p,1.0,1.0,1.0,0,1,0.0,21,26380,0.000796057619408643,0.0
hsa-miR-3157-3p,1.0,1.0,1.0,0,1,0.0,75,26380,0.002843062926459439,0.0
hsa-miR-3157-5p,1.0,1.0,1.0,0,1,0.0,239,26380,0.00905989385898408,0.0
hsa-miR-3158-3p,1.0,1.0,1.0,0,1,0.0,1221,26380,0.04628506444275966,0.0
hsa-miR-3158-5p,1.0,1.0,1.0,0,1,0.0,7,26380,0.00026535253980288095,0.0
hsa-miR-3159,1.0,1.0,1.0,0,1,0.0,2,26380,7.581501137225171e-05,0.0
hsa-miR-3164,1.0,1.0,1.0,0,1,0.0,4,26380,0.00015163002274450342,0.0
hsa-miR-3168,1.0,1.0,1.0,0,1,0.0,171,26380,0.006482183472327521,0.0
hsa-miR-3173-5p,1.0,1.0,1.0,0,1,0.0,30,26380,0.0011372251705837756,0.0
hsa-miR-3174,1.0,1.0,1.0,0,1,0.0,401,26380,0.015200909780136468,0.0
hsa-miR-3176,1.0,1.0,1.0,0,1,0.0,84,26380,0.003184230477634572,0.0
hsa-miR-3177-3p,1.0,1.0,1.0,0,1,0.0,124,26380,0.0047005307050796055,0.0
hsa-miR-3177-5p,1.0,1.0,1.0,0,1,0.0,43,26380,0.0016300227445034117,0.0
hsa-miR-3180-3p,1.0,1.0,1.0,0,1,0.0,4,26380,0.00015163002274450342,0.0
hsa-miR-3180-5p,1.0,1.0,1.0,0,1,0.0,17,26380,0.0006444275966641395,0.0
hsa-miR-3181,1.0,1.0,1.0,0,1,0.0,3,26380,0.00011372251705837755,0.0
hsa-miR-3182,1.0,1.0,1.0,0,1,0.0,34,26380,0.001288855193328279,0.0
hsa-miR-3184-3p,1.0,1.0,1.0,0,1,0.0,1286,26380,0.04874905231235785,0.0
hsa-miR-3184-5p,1.0,1.0,1.0,0,1,0.0,2258,26380,0.08559514783927218,0.0
hsa-miR-3187-3p,1.0,1.0,1.0,0,1,0.0,359,26380,0.013608794541319181,0.0
hsa-miR-3188,1.0,1.0,1.0,0,1,0.0,177,26380,0.006709628506444276,0.0
hsa-miR-3194-3p,1.0,1.0,1.0,0,1,0.0,85,26380,0.0032221379833206974,0.0
hsa-miR-3194-5p,1.0,1.0,1.0,0,1,0.0,47,26380,0.001781652767247915,0.0
hsa-miR-3197,1.0,1.0,1.0,0,1,0.0,23,26380,0.0008718726307808946,0.0
hsa-miR-3198,1.0,1.0,1.0,0,1,0.0,6,26380,0.0002274450341167551,0.0
hsa-miR-32-3p,1.0,1.0,1.0,0,1,0.0,111,26380,0.00420773313115997,0.0
hsa-miR-32-5p,1.0,1.0,1.0,0,1,0.0,4657,26380,0.1765352539802881,0.0
hsa-miR-3200-3p,1.0,1.0,1.0,0,1,0.0,1428,26380,0.054131918119787716,0.0
hsa-miR-3200-5p,1.0,1.0,1.0,0,1,0.0,358,26380,0.013570887035633056,0.0
hsa-miR-320a-3p,1.0,1.0,1.0,0,1,0.0,6432,26380,0.2438210765731615,0.0
hsa-miR-320a-5p,1.0,1.0,1.0,0,1,0.0,5,26380,0.00018953752843062926,0.0
hsa-miR-320b,1.0,1.0,1.0,0,1,0.0,5420,26380,0.20545868081880211,0.0
hsa-miR-320c,1.0,1.0,1.0,0,1,0.0,3933,26380,0.149090219863533,0.0
hsa-miR-320d,1.0,1.0,1.0,0,1,0.0,1454,26380,0.05511751326762699,0.0
hsa-miR-320e,1.0,1.0,1.0,0,1,0.0,351,26380,0.013305534495830175,0.0
hsa-miR-323a-3p,1.0,1.0,1.0,0,1,0.0,226,26380,0.008567096285064442,0.0
hsa-miR-323a-5p,1.0,1.0,1.0,0,1,0.0,213,26380,0.008074298711144807,0.0
hsa-miR-323b-3p,1.0,1.0,1.0,0,1,0.0,107,26380,0.004056103108415466,0.0
hsa-miR-323b-5p,1.0,1.0,1.0,0,1,0.0,1,26380,3.7907505686125855e-05,0.0
hsa-miR-324-3p,1.0,1.0,1.0,0,1,0.0,2110,26380,0.07998483699772554,0.0
hsa-miR-324-5p,1.0,1.0,1.0,0,1,0.0,1704,26380,0.06459438968915845,0.0
hsa-miR-325,1.0,1.0,1.0,0,1,0.0,1,26380,3.7907505686125855e-05,0.0
hsa-miR-326,1.0,1.0,1.0,0,1,0.0,375,26380,0.014215314632297195,0.0
hsa-miR-328-3p,1.0,1.0,1.0,0,1,0.0,590,26380,0.022365428354814254,0.0
hsa-miR-329-3p,1.0,1.0,1.0,0,1,0.0,319,26380,0.012092494313874148,0.0
hsa-miR-330-3p,1.0,1.0,1.0,0,1,0.0,1146,26380,0.043442001516300226,0.0
hsa-miR-330-5p,1.0,1.0,1.0,0,1,0.0,2342,26380,0.08877937831690674,0.0
hsa-miR-331-3p,1.0,1.0,1.0,0,1,0.0,586,26380,0.02221379833206975,0.0
hsa-miR-331-5p,1.0,1.0,1.0,0,1,0.0,1727,26380,0.06546626231993935,0.0
hsa-miR-335-3p,1.0,1.0,1.0,0,1,0.0,3474,26380,0.13169067475360122,0.0
hsa-miR-335-5p,1.0,1.0,1.0,0,1,0.0,4997,26380,0.1894238059135709,0.0
hsa-miR-337-3p,1.0,1.0,1.0,0,1,0.0,132,26380,0.005003790750568613,0.0
hsa-miR-337-5p,1.0,1.0,1.0,0,1,0.0,877,26380,0.03324488248673237,0.0
hsa-miR-338-3p,1.0,1.0,1.0,0,1,0.0,1528,26380,0.057922668688400306,0.0
hsa-miR-338-5p,1.0,1.0,1.0,0,1,0.0,157,26380,0.005951478392721759,0.0
hsa-miR-339-3p,1.0,1.0,1.0,0,1,0.0,724,26380,0.027445034116755116,0.0
hsa-miR-339-5p,1.0,1.0,1.0,0,1,0.0,1098,26380,0.041622441243366184,0.0
hsa-miR-33a-3p,1.0,1.0,1.0,0,1,0.0,612,26380,0.02319939347990902,0.0
hsa-miR-33a-5p,1.0,1.0,1.0,0,1,0.0,6310,26380,0.23919636087945415,0.0
hsa-miR-33b-3p,1.0,1.0,1.0,0,1,0.0,698,26380,0.026459438968915845,0.0
hsa-miR-33b-5p,1.0,1.0,1.0,0,1,0.0,5572,26380,0.21122062168309325,0.0
hsa-miR-340-3p,1.0,1.0,1.0,0,1,0.0,1495,26380,0.05667172100075815,0.0
hsa-miR-340-5p,1.0,1.0,1.0,0,1,0.0,3938,26380,0.1492797573919636,0.0
hsa-miR-342-3p,1.0,1.0,1.0,0,1,0.0,1469,26380,0.05568612585291888,0.0
hsa-miR-342-5p,1.0,1.0,1.0,0,1,0.0,1508,26380,0.05716451857467779,0.0
hsa-miR-345-5p,1.0,1.0,1.0,0,1,0.0,1365,26380,0.05174374526156179,0.0
hsa-miR-346,1.0,1.0,1.0,0,1,0.0,126,26380,0.0047763457164518575,0.0
hsa-miR-34a-3p,1.0,1.0,1.0,0,1,0.0,660,26380,0.025018953752843062,0.0
hsa-miR-34a-5p,1.0,1.0,1.0,0,1,0.0,14250,26380,0.5401819560272934,0.0
hsa-miR-34b-3p,1.0,1.0,1.0,0,1,0.0,23,26380,0.0008718726307808946,0.0
hsa-miR-34b-5p,1.0,1.0,1.0,0,1,0.0,920,26380,0.034874905231235785,0.0
hsa-miR-34c-5p,1.0,1.0,1.0,0,1,0.0,1628,26380,0.06171341925701289,0.0
hsa-miR-3529-3p,1.0,1.0,1.0,0,1,0.0,245,26380,0.009287338893100834,0.0
hsa-miR-3529-5p,1.0,1.0,1.0,0,1,0.0,57,26380,0.0021607278241091736,0.0
hsa-miR-3605-3p,1.0,1.0,1.0,0,1,0.0,303,26380,0.011485974222896133,0.0
hsa-miR-3605-5p,1.0,1.0,1.0,0,1,0.0,286,26380,0.010841546626231994,0.0
hsa-miR-3609,1.0,1.0,1.0,0,1,0.0,101,26380,0.0038286580742987113,0.0
hsa-miR-361-3p,1.0,1.0,1.0,0,1,0.0,861,26380,0.03263836239575436,0.0
hsa-miR-361-5p,1.0,1.0,1.0,0,1,0.0,3182,26380,0.12062168309325247,0.0
hsa-miR-3611,1.0,1.0,1.0,0,1,0.0,66,26380,0.0025018953752843063,0.0
hsa-miR-3612,1.0,1.0,1.0,0,1,0.0,113,26380,0.004283548142532221,0.0
hsa-miR-3613-3p,1.0,1.0,1.0,0,1,0.0,55,26380,0.002084912812736922,0.0
hsa-miR-3613-5p,1.0,1.0,1.0,0,1,0.0,1475,26380,0.055913570887035635,0.0
hsa-miR-3614-5p,1.0,1.0,1.0,0,1,0.0,220,26380,0.008339651250947688,0.0
hsa-miR-3615,1.0,1.0,1.0,0,1,0.0,660,26380,0.025018953752843062,0.0
hsa-miR-3617-5p,1.0,1.0,1.0,0,1,0.0,10,26380,0.0003790750568612585,0.0
hsa-miR-3619-3p,1.0,1.0,1.0,0,1,0.0,43,26380,0.0016300227445034117,0.0
hsa-miR-3619-5p,1.0,1.0,1.0,0,1,0.0,66,26380,0.0025018953752843063,0.0
hsa-miR-362-3p,1.0,1.0,1.0,0,1,0.0,351,26380,0.013305534495830175,0.0
hsa-miR-362-5p,1.0,1.0,1.0,0,1,0.0,674,26380,0.025549658832448825,0.0
hsa-miR-3620-3p,1.0,1.0,1.0,0,1,0.0,145,26380,0.005496588324488249,0.0
hsa-miR-3622a-5p,1.0,1.0,1.0,0,1,0.0,13,26380,0.0004927975739196361,0.0
hsa-miR-363-3p,1.0,1.0,1.0,0,1,0.0,2276,26380,0.08627748294162244,0.0
hsa-miR-363-5p,1.0,1.0,1.0,0,1,0.0,1,26380,3.7907505686125855e-05,0.0
hsa-miR-3651,1.0,1.0,1.0,0,1,0.0,33,26380,0.0012509476876421532,0.0
hsa-miR-3652,1.0,1.0,1.0,0,1,0.0,1303,26380,0.04939347990902199,0.0
hsa-miR-3657,1.0,1.0,1.0,0,1,0.0,24,26380,0.0009097801364670204,0.0
hsa-miR-3659,1.0,1.0,1.0,0,1,0.0,120,26380,0.004548900682335102,0.0
hsa-miR-365a-3p,1.0,1.0,1.0,0,1,0.0,1987,26380,0.07532221379833207,0.0
hsa-miR-365a-5p,1.0,1.0,1.0,0,1,0.0,365,26380,0.013836239575435937,0.0
hsa-miR-365b-3p,1.0,1.0,1.0,0,1,0.0,1825,26380,0.06918119787717968,0.0
hsa-miR-365b-5p,1.0,1.0,1.0,0,1,0.0,77,26380,0.0029188779378316906,0.0
hsa-miR-3662,1.0,1.0,1.0,0,1,0.0,1698,26380,0.0643669446550417,0.0
hsa-miR-3664-3p,1.0,1.0,1.0,0,1,0.0,7,26380,0.00026535253980288095,0.0
hsa-miR-3667-3p,1.0,1.0,1.0,0,1,0.0,32,26380,0.0012130401819560274,0.0
hsa-miR-3667-5p,1.0,1.0,1.0,0,1,0.0,8,26380,0.00030326004548900684,0.0
hsa-miR-367-3p,1.0,1.0,1.0,0,1,0.0,421,26380,0.015959059893858984,0.0
hsa-miR-3677-3p,1.0,1.0,1.0,0,1,0.0,54,26380,0.002047005307050796,0.0
hsa-miR-3677-5p,1.0,1.0,1.0,0,1,0.0,1,26380,3.7907505686125855e-05,0.0
hsa-miR-3679-5p,1.0,1.0,1.0,0,1,0.0,1142,26380,0.043290371493555725,0.0
hsa-miR-3681-5p,1.0,1.0,1.0,0,1,0.0,6,26380,0.0002274450341167551,0.0
hsa-miR-3688-3p,1.0,1.0,1.0,0,1,0.0,13,26380,0.0004927975739196361,0.0
hsa-miR-3689a-3p,1.0,1.0,1.0,0,1,0.0,114,26380,0.004321455648218347,0.0
hsa-miR-3689a-5p,1.0,1.0,1.0,0,1,0.0,102,26380,0.003866565579984837,0.0
hsa-miR-3689b-5p,1.0,1.0,1.0,0,1,0.0,104,26380,0.003942380591357089,0.0
hsa-miR-3689e,1.0,1.0,1.0,0,1,0.0,103,26380,0.003904473085670963,0.0
hsa-miR-3689f,1.0,1.0,1.0,0,1,0.0,163,26380,0.006178923426838514,0.0
hsa-miR-369-3p,1.0,1.0,1.0,0,1,0.0,102,26380,0.003866565579984837,0.0
hsa-miR-369-5p,1.0,1.0,1.0,0,1,0.0,92,26380,0.0034874905231235785,0.0
hsa-miR-3690,1.0,1.0,1.0,0,1,0.0,2,26380,7.581501137225171e-05,0.0
hsa-miR-3691-5p,1.0,1.0,1.0,0,1,0.0,691,26380,0.026194086429112966,0.0
hsa-miR-370-3p,1.0,1.0,1.0,0,1,0.0,355,26380,0.013457164518574679,0.0
hsa-miR-370-5p,1.0,1.0,1.0,0,1,0.0,1779,26380,0.0674374526156179,0.0
hsa-miR-371a-3p,1.0,1.0,1.0,0,1,0.0,1,26380,3.7907505686125855e-05,0.0
hsa-miR-371b-5p,1.0,1.0,1.0,0,1,0.0,1,26380,3.7907505686125855e-05,0.0
hsa-miR-372-3p,1.0,1.0,1.0,0,1,0.0,513,26380,0.019446550416982563,0.0
hsa-miR-373-3p,1.0,1.0,1.0,0,1,0.0,326,26380,0.012357846853677029,0.0
hsa-miR-374a-3p,1.0,1.0,1.0,0,1,0.0,936,26380,0.0354814253222138,0.0
hsa-miR-374a-5p,1.0,1.0,1.0,0,1,0.0,4816,26380,0.1825625473843821,0.0
hsa-miR-374b-3p,1.0,1.0,1.0,0,1,0.0,719,26380,0.027255496588324487,0.0
hsa-miR-374b-5p,1.0,1.0,1.0,0,1,0.0,3622,26380,0.13730098559514783,0.0
hsa-miR-374c-3p,1.0,1.0,1.0,0,1,0.0,186,26380,0.007050796057619409,0.0
hsa-miR-374c-5p,1.0,1.0,1.0,0,1,0.0,84,26380,0.003184230477634572,0.0
hsa-miR-375-3p,1.0,1.0,1.0,0,1,0.0,2902,26380,0.11000758150113722,0.0
hsa-miR-376a-2-5p,1.0,1.0,1.0,0,1,0.0,76,26380,0.0028809704321455646,0.0
hsa-miR-376a-3p,1.0,1.0,1.0,0,1,0.0,613,26380,0.02323730098559515,0.0
hsa-miR-376a-5p,1.0,1.0,1.0,0,1,0.0,3184,26380,0.12069749810462471,0.0
hsa-miR-376b-3p,1.0,1.0,1.0,0,1,0.0,353,26380,0.013381349507202427,0.0
hsa-miR-376b-5p,1.0,1.0,1.0,0,1,0.0,187,26380,0.007088703563305534,0.0
hsa-miR-376c-3p,1.0,1.0,1.0,0,1,0.0,323,26380,0.01224412433661865,0.0
hsa-miR-376c-5p,1.0,1.0,1.0,0,1,0.0,368,26380,0.013949962092494314,0.0
hsa-miR-377-3p,1.0,1.0,1.0,0,1,0.0,477,26380,0.01808188021228203,0.0
hsa-miR-377-5p,1.0,1.0,1.0,0,1,0.0,1263,26380,0.047877179681576953,0.0
hsa-miR-378a-3p,1.0,1.0,1.0,0,1,0.0,3903,26380,0.1479529946929492,0.0
hsa-miR-378a-5p,1.0,1.0,1.0,0,1,0.0,786,26380,0.02979529946929492,0.0
hsa-miR-378b,1.0,1.0,1.0,0,1,0.0,153,26380,0.005799848369977255,0.0
hsa-miR-378c,1.0,1.0,1.0,0,1,0.0,2056,26380,0.07793783169067475,0.0
hsa-miR-378d,1.0,1.0,1.0,0,1,0.0,1423,26380,0.053942380591357086,0.0
hsa-miR-378e,1.0,1.0,1.0,0,1,0.0,1,26380,3.7907505686125855e-05,0.0
hsa-miR-378f,1.0,1.0,1.0,0,1,0.0,264,26380,0.010007581501137225,0.0
hsa-miR-378g,1.0,1.0,1.0,0,1,0.0,180,26380,0.006823351023502654,0.0
hsa-miR-378h,1.0,1.0,1.0,0,1,0.0,4,26380,0.00015163002274450342,0.0
hsa-miR-378i,1.0,1.0,1.0,0,1,0.0,1387,26380,0.05257771038665656,0.0
hsa-miR-379-3p,1.0,1.0,1.0,0,1,0.0,333,26380,0.012623199393479908,0.0
hsa-miR-379-5p,1.0,1.0,1.0,0,1,0.0,444,26380,0.01683093252463988,0.0
hsa-miR-380-3p,1.0,1.0,1.0,0,1,0.0,73,26380,0.0027672479150871875,0.0
hsa-miR-380-5p,1.0,1.0,1.0,0,1,0.0,1674,26380,0.06345716451857468,0.0
hsa-miR-381-3p,1.0,1.0,1.0,0,1,0.0,451,26380,0.01709628506444276,0.0
hsa-miR-381-5p,1.0,1.0,1.0,0,1,0.0,186,26380,0.007050796057619409,0.0
hsa-miR-382-3p,1.0,1.0,1.0,0,1,0.0,174,26380,0.006595905989385899,0.0
hsa-miR-382-5p,1.0,1.0,1.0,0,1,0.0,831,26380,0.03150113722517058,0.0
hsa-miR-383-5p,1.0,1.0,1.0,0,1,0.0,486,26380,0.018423047763457163,0.0
hsa-miR-3909,1.0,1.0,1.0,0,1,0.0,342,26380,0.012964366944655041,0.0
hsa-miR-3912-3p,1.0,1.0,1.0,0,1,0.0,4,26380,0.00015163002274450342,0.0
hsa-miR-3913-3p,1.0,1.0,1.0,0,1,0.0,110,26380,0.004169825625473844,0.0
hsa-miR-3913-5p,1.0,1.0,1.0,0,1,0.0,811,26380,0.030742987111448065,0.0
hsa-miR-3917,1.0,1.0,1.0,0,1,0.0,1,26380,3.7907505686125855e-05,0.0
hsa-miR-3923,1.0,1.0,1.0,0,1,0.0,28,26380,0.0010614101592115238,0.0
hsa-miR-3924,1.0,1.0,1.0,0,1,0.0,87,26380,0.0032979529946929494,0.0
hsa-miR-3928-3p,1.0,1.0,1.0,0,1,0.0,658,26380,0.024943138741470812,0.0
hsa-miR-3929,1.0,1.0,1.0,0,1,0.0,5,26380,0.00018953752843062926,0.0
hsa-miR-3934-3p,1.0,1.0,1.0,0,1,0.0,9,26380,0.0003411675511751327,0.0
hsa-miR-3934-5p,1.0,1.0,1.0,0,1,0.0,1015,26380,0.03847611827141774,0.0
hsa-miR-3938,1.0,1.0,1.0,0,1,0.0,19,26380,0.0007202426080363912,0.0
hsa-miR-3940-3p,1.0,1.0,1.0,0,1,0.0,225,26380,0.008529188779378317,0.0
hsa-miR-3940-5p,1.0,1.0,1.0,0,1,0.0,215,26380,0.008150113722517059,0.0
hsa-miR-3943,1.0,1.0,1.0,0,1,0.0,24,26380,0.0009097801364670204,0.0
hsa-miR-3944-5p,1.0,1.0,1.0,0,1,0.0,2,26380,7.581501137225171e-05,0.0
hsa-miR-409-3p,1.0,1.0,1.0,0,1,0.0,510,26380,0.019332827899924184,0.0
hsa-miR-409-5p,1.0,1.0,1.0,0,1,0.0,227,26380,0.00860500379075057,0.0
hsa-miR-410-3p,1.0,1.0,1.0,0,1,0.0,113,26380,0.004283548142532221,0.0
hsa-miR-411-3p,1.0,1.0,1.0,0,1,0.0,169,26380,0.00640636846095527,0.0
hsa-miR-411-5p,1.0,1.0,1.0,0,1,0.0,390,26380,0.014783927217589083,0.0
hsa-miR-412-5p,1.0,1.0,1.0,0,1,0.0,35,26380,0.001326762699014405,0.0
hsa-miR-421,1.0,1.0,1.0,0,1,0.0,1272,26380,0.04821834723275208,0.0
hsa-miR-422a,1.0,1.0,1.0,0,1,0.0,125,26380,0.0047384382107657315,0.0
hsa-miR-423-3p,1.0,1.0,1.0,0,1,0.0,4106,26380,0.15564821834723275,0.0
hsa-miR-423-5p,1.0,1.0,1.0,0,1,0.0,10237,26380,0.38805913570887035,0.0
hsa-miR-424-3p,1.0,1.0,1.0,0,1,0.0,251,26380,0.00951478392721759,0.0
hsa-miR-424-5p,1.0,1.0,1.0,0,1,0.0,9417,26380,0.35697498104624714,0.0
hsa-miR-425-3p,1.0,1.0,1.0,0,1,0.0,1020,26380,0.03866565579984837,0.0
hsa-miR-425-5p,1.0,1.0,1.0,0,1,0.0,1593,26380,0.060386656557998485,0.0
hsa-miR-4254,1.0,1.0,1.0,0,1,0.0,14,26380,0.0005307050796057619,0.0
hsa-miR-4284,1.0,1.0,1.0,0,1,0.0,50,26380,0.0018953752843062926,0.0
hsa-miR-4286,1.0,1.0,1.0,0,1,0.0,60,26380,0.002274450341167551,0.0
hsa-miR-4287,1.0,1.0,1.0,0,1,0.0,1,26380,3.7907505686125855e-05,0.0
hsa-miR-429,1.0,1.0,1.0,0,1,0.0,1792,26380,0.06793025018953752,0.0
hsa-miR-4291,1.0,1.0,1.0,0,1,0.0,56,26380,0.0021228203184230476,0.0
hsa-miR-4296,1.0,1.0,1.0,0,1,0.0,143,26380,0.005420773313115997,0.0
hsa-miR-4301,1.0,1.0,1.0,0,1,0.0,19,26380,0.0007202426080363912,0.0
hsa-miR-4306,1.0,1.0,1.0,0,1,0.0,340,26380,0.01288855193328279,0.0
hsa-miR-431-3p,1.0,1.0,1.0,0,1,0.0,611,26380,0.023161485974222896,0.0
hsa-miR-431-5p,1.0,1.0,1.0,0,1,0.0,116,26380,0.004397270659590599,0.0
hsa-miR-432-3p,1.0,1.0,1.0,0,1,0.0,44,26380,0.0016679302501895375,0.0
hsa-miR-432-5p,1.0,1.0,1.0,0,1,0.0,440,26380,0.016679302501895376,0.0
hsa-miR-4324,1.0,1.0,1.0,0,1,0.0,123,26380,0.00466262319939348,0.0
hsa-miR-4326,1.0,1.0,1.0,0,1,0.0,664,26380,0.025170583775587566,0.0
hsa-miR-433-3p,1.0,1.0,1.0,0,1,0.0,812,26380,0.030780894617134194,0.0
hsa-miR-433-5p,1.0,1.0,1.0,0,1,0.0,408,26380,0.015466262319939347,0.0
hsa-miR-4421,1.0,1.0,1.0,0,1,0.0,49,26380,0.0018574677786201668,0.0
hsa-miR-4422,1.0,1.0,1.0,0,1,0.0,111,26380,0.00420773313115997,0.0
hsa-miR-4423-5p,1.0,1.0,1.0,0,1,0.0,641,26380,0.02429871114480667,0.0
hsa-miR-4425,1.0,1.0,1.0,0,1,0.0,487,26380,0.018460955269143292,0.0
hsa-miR-4426,1.0,1.0,1.0,0,1,0.0,73,26380,0.0027672479150871875,0.0
hsa-miR-4429,1.0,1.0,1.0,0,1,0.0,522,26380,0.019787717968157696,0.0
hsa-miR-4435,1.0,1.0,1.0,0,1,0.0,135,26380,0.00511751326762699,0.0
hsa-miR-4437,1.0,1.0,1.0,0,1,0.0,194,26380,0.007354056103108415,0.0
hsa-miR-4440,1.0,1.0,1.0,0,1,0.0,85,26380,0.0032221379833206974,0.0
hsa-miR-4443,1.0,1.0,1.0,0,1,0.0,44,26380,0.0016679302501895375,0.0
hsa-miR-4446-3p,1.0,1.0,1.0,0,1,0.0,1906,26380,0.07225170583775588,0.0
hsa-miR-4448,1.0,1.0,1.0,0,1,0.0,232,26380,0.008794541319181198,0.0
hsa-miR-4449,1.0,1.0,1.0,0,1,0.0,25,26380,0.0009476876421531463,0.0
hsa-miR-4450,1.0,1.0,1.0,0,1,0.0,151,26380,0.005724033358605004,0.0
hsa-miR-4454,1.0,1.0,1.0,0,1,0.0,901,26380,0.03415466262319939,0.0
hsa-miR-4455,1.0,1.0,1.0,0,1,0.0,10,26380,0.0003790750568612585,0.0
hsa-miR-4466,1.0,1.0,1.0,0,1,0.0,1,26380,3.7907505686125855e-05,0.0
hsa-miR-4467,1.0,1.0,1.0,0,1,0.0,5,26380,0.00018953752843062926,0.0
hsa-miR-4473,1.0,1.0,1.0,0,1,0.0,62,26380,0.0023502653525398027,0.0
hsa-miR-4474-3p,1.0,1.0,1.0,0,1,0.0,1228,26380,0.04655041698256255,0.0
hsa-miR-4477b,1.0,1.0,1.0,0,1,0.0,6,26380,0.0002274450341167551,0.0
hsa-miR-448,1.0,1.0,1.0,0,1,0.0,96,26380,0.0036391205458680817,0.0
hsa-miR-4482-3p,1.0,1.0,1.0,0,1,0.0,78,26380,0.0029567854435178166,0.0
hsa-miR-4485-3p,1.0,1.0,1.0,0,1,0.0,29,26380,0.0010993176648976498,0.0
hsa-miR-4488,1.0,1.0,1.0,0,1,0.0,14,26380,0.0005307050796057619,0.0
hsa-miR-4491,1.0,1.0,1.0,0,1,0.0,126,26380,0.0047763457164518575,0.0
hsa-miR-4496,1.0,1.0,1.0,0,1,0.0,122,26380,0.004624715693707354,0.0
hsa-miR-4498,1.0,1.0,1.0,0,1,0.0,4,26380,0.00015163002274450342,0.0
hsa-miR-449a,1.0,1.0,1.0,0,1,0.0,3266,26380,0.12380591357088704,0.0
hsa-miR-449b-5p,1.0,1.0,1.0,0,1,0.0,2395,26380,0.09078847611827141,0.0
hsa-miR-449c-5p,1.0,1.0,1.0,0,1,0.0,1820,26380,0.06899166034874905,0.0
hsa-miR-4501,1.0,1.0,1.0,0,1,0.0,1,26380,3.7907505686125855e-05,0.0
hsa-miR-450a-1-3p,1.0,1.0,1.0,0,1,0.0,239,26380,0.00905989385898408,0.0
hsa-miR-450a-2-3p,1.0,1.0,1.0,0,1,0.0,525,26380,0.01990144048521607,0.0
hsa-miR-450a-5p,1.0,1.0,1.0,0,1,0.0,3476,26380,0.13176648976497346,0.0
hsa-miR-450b-3p,1.0,1.0,1.0,0,1,0.0,109,26380,0.004131918119787718,0.0
hsa-miR-450b-5p,1.0,1.0,1.0,0,1,0.0,1820,26380,0.06899166034874905,0.0
hsa-miR-4510,1.0,1.0,1.0,0,1,0.0,1370,26380,0.051933282789992416,0.0
hsa-miR-4511,1.0,1.0,1.0,0,1,0.0,36,26380,0.0013646702047005307,0.0
hsa-miR-4517,1.0,1.0,1.0,0,1,0.0,455,26380,0.017247915087187263,0.0
hsa-miR-4518,1.0,1.0,1.0,0,1,0.0,63,26380,0.0023881728582259287,0.0
hsa-miR-451a,1.0,1.0,1.0,0,1,0.0,276,26380,0.010462471569370736,0.0
hsa-miR-452-5p,1.0,1.0,1.0,0,1,0.0,2068,26380,0.07839272175890827,0.0
hsa-miR-4521,1.0,1.0,1.0,0,1,0.0,1435,26380,0.0543972706595906,0.0
hsa-miR-4523,1.0,1.0,1.0,0,1,0.0,3,26380,0.00011372251705837755,0.0
hsa-miR-4524a-3p,1.0,1.0,1.0,0,1,0.0,574,26380,0.021758908263836238,0.0
hsa-miR-4525,1.0,1.0,1.0,0,1,0.0,1343,26380,0.05090978013646702,0.0
hsa-miR-4528,1.0,1.0,1.0,0,1,0.0,7,26380,0.00026535253980288095,0.0
hsa-miR-454-3p,1.0,1.0,1.0,0,1,0.0,6318,26380,0.23949962092494315,0.0
hsa-miR-454-5p,1.0,1.0,1.0,0,1,0.0,471,26380,0.017854435178165276,0.0
hsa-miR-455-3p,1.0,1.0,1.0,0,1,0.0,362,26380,0.013722517058377558,0.0
hsa-miR-455-5p,1.0,1.0,1.0,0,1,0.0,1562,26380,0.05921152388172858,0.0
hsa-miR-4632-3p,1.0,1.0,1.0,0,1,0.0,4,26380,0.00015163002274450342,0.0
hsa-miR-4639-5p,1.0,1.0,1.0,0,1,0.0,251,26380,0.00951478392721759,0.0
hsa-miR-4640-3p,1.0,1.0,1.0,0,1,0.0,1,26380,3.7907505686125855e-05,0.0
hsa-miR-4640-5p,1.0,1.0,1.0,0,1,0.0,7,26380,0.00026535253980288095,0.0
hsa-miR-4661-5p,1.0,1.0,1.0,0,1,0.0,30,26380,0.0011372251705837756,0.0
hsa-miR-4662a-5p,1.0,1.0,1.0,0,1,0.0,194,26380,0.007354056103108415,0.0
hsa-miR-4664-3p,1.0,1.0,1.0,0,1,0.0,715,26380,0.027103866565579986,0.0
hsa-miR-4664-5p,1.0,1.0,1.0,0,1,0.0,514,26380,0.019484457922668688,0.0
hsa-miR-4676-5p,1.0,1.0,1.0,0,1,0.0,10,26380,0.0003790750568612585,0.0
hsa-miR-4677-3p,1.0,1.0,1.0,0,1,0.0,2973,26380,0.11269901440485217,0.0
hsa-miR-4684-3p,1.0,1.0,1.0,0,1,0.0,1,26380,3.7907505686125855e-05,0.0
hsa-miR-4685-3p,1.0,1.0,1.0,0,1,0.0,138,26380,0.005231235784685368,0.0
hsa-miR-4689,1.0,1.0,1.0,0,1,0.0,1,26380,3.7907505686125855e-05,0.0
hsa-miR-4690-3p,1.0,1.0,1.0,0,1,0.0,1,26380,3.7907505686125855e-05,0.0
hsa-miR-4690-5p,1.0,1.0,1.0,0,1,0.0,1,26380,3.7907505686125855e-05,0.0
hsa-miR-4701-3p,1.0,1.0,1.0,0,1,0.0,56,26380,0.0021228203184230476,0.0
hsa-miR-4705,1.0,1.0,1.0,0,1,0.0,230,26380,0.008718726307808946,0.0
hsa-miR-4707-3p,1.0,1.0,1.0,0,1,0.0,2,26380,7.581501137225171e-05,0.0
hsa-miR-4709-5p,1.0,1.0,1.0,0,1,0.0,162,26380,0.006141015921152388,0.0
hsa-miR-4713-5p,1.0,1.0,1.0,0,1,0.0,160,26380,0.006065200909780136,0.0
hsa-miR-4723-3p,1.0,1.0,1.0,0,1,0.0,1,26380,3.7907505686125855e-05,0.0
hsa-miR-4723-5p,1.0,1.0,1.0,0,1,0.0,1,26380,3.7907505686125855e-05,0.0
hsa-miR-4725-3p,1.0,1.0,1.0,0,1,0.0,1125,26380,0.04264594389689159,0.0
hsa-miR-4726-3p,1.0,1.0,1.0,0,1,0.0,1,26380,3.7907505686125855e-05,0.0
hsa-miR-4726-5p,1.0,1.0,1.0,0,1,0.0,5,26380,0.00018953752843062926,0.0
hsa-miR-4728-3p,1.0,1.0,1.0,0,1,0.0,247,26380,0.009363153904473086,0.0
hsa-miR-4733-5p,1.0,1.0,1.0,0,1,0.0,53,26380,0.0020090978013646704,0.0
hsa-miR-4741,1.0,1.0,1.0,0,1,0.0,1,26380,3.7907505686125855e-05,0.0
hsa-miR-4745-5p,1.0,1.0,1.0,0,1,0.0,615,26380,0.0233131159969674,0.0
hsa-miR-4746-5p,1.0,1.0,1.0,0,1,0.0,108,26380,0.004094010614101592,0.0
hsa-miR-4749-3p,1.0,1.0,1.0,0,1,0.0,1,26380,3.7907505686125855e-05,0.0
hsa-miR-4750-5p,1.0,1.0,1.0,0,1,0.0,2,26380,7.581501137225171e-05,0.0
hsa-miR-4755-5p,1.0,1.0,1.0,0,1,0.0,114,26380,0.004321455648218347,0.0
hsa-miR-4758-3p,1.0,1.0,1.0,0,1,0.0,3,26380,0.00011372251705837755,0.0
hsa-miR-4761-5p,1.0,1.0,1.0,0,1,0.0,27,26380,0.001023502653525398,0.0
hsa-miR-4766-3p,1.0,1.0,1.0,0,1,0.0,16,26380,0.0006065200909780137,0.0
hsa-miR-4768-5p,1.0,1.0,1.0,0,1,0.0,77,26380,0.0029188779378316906,0.0
hsa-miR-4781-3p,1.0,1.0,1.0,0,1,0.0,144,26380,0.005458680818802123,0.0
hsa-miR-4782-3p,1.0,1.0,1.0,0,1,0.0,5,26380,0.00018953752843062926,0.0
hsa-miR-4783-3p,1.0,1.0,1.0,0,1,0.0,1,26380,3.7907505686125855e-05,0.0
hsa-miR-4786-5p,1.0,1.0,1.0,0,1,0.0,76,26380,0.0028809704321455646,0.0
hsa-miR-4787-3p,1.0,1.0,1.0,0,1,0.0,66,26380,0.0025018953752843063,0.0
hsa-miR-4789-3p,1.0,1.0,1.0,0,1,0.0,6,26380,0.0002274450341167551,0.0
hsa-miR-4796-3p,1.0,1.0,1.0,0,1,0.0,20,26380,0.000758150113722517,0.0
hsa-miR-4803,1.0,1.0,1.0,0,1,0.0,2,26380,7.581501137225171e-05,0.0
hsa-miR-4804-5p,1.0,1.0,1.0,0,1,0.0,27,26380,0.001023502653525398,0.0
hsa-miR-483-3p,1.0,1.0,1.0,0,1,0.0,306,26380,0.01159969673995451,0.0
hsa-miR-483-5p,1.0,1.0,1.0,0,1,0.0,251,26380,0.00951478392721759,0.0
hsa-miR-484,1.0,1.0,1.0,0,1,0.0,3240,26380,0.12282031842304776,0.0
hsa-miR-485-3p,1.0,1.0,1.0,0,1,0.0,354,26380,0.013419257012888552,0.0
hsa-miR-485-5p,1.0,1.0,1.0,0,1,0.0,1170,26380,0.04435178165276725,0.0
hsa-miR-486-3p,1.0,1.0,1.0,0,1,0.0,2787,26380,0.10564821834723276,0.0
hsa-miR-486-5p,1.0,1.0,1.0,0,1,0.0,1820,26380,0.06899166034874905,0.0
hsa-miR-487a-3p,1.0,1.0,1.0,0,1,0.0,322,26380,0.012206216830932525,0.0
hsa-miR-487a-5p,1.0,1.0,1.0,0,1,0.0,183,26380,0.006937073540561031,0.0
hsa-miR-487b-3p,1.0,1.0,1.0,0,1,0.0,179,26380,0.006785443517816528,0.0
hsa-miR-487b-5p,1.0,1.0,1.0,0,1,0.0,147,26380,0.0055724033358605,0.0
hsa-miR-488-3p,1.0,1.0,1.0,0,1,0.0,726,26380,0.02752084912812737,0.0
hsa-miR-488-5p,1.0,1.0,1.0,0,1,0.0,109,26380,0.004131918119787718,0.0
hsa-miR-489-3p,1.0,1.0,1.0,0,1,0.0,440,26380,0.016679302501895376,0.0
hsa-miR-490-3p,1.0,1.0,1.0,0,1,0.0,331,26380,0.012547384382107658,0.0
hsa-miR-490-5p,1.0,1.0,1.0,0,1,0.0,1206,26380,0.045716451857467776,0.0
hsa-miR-491-3p,1.0,1.0,1.0,0,1,0.0,208,26380,0.007884761182714178,0.0
hsa-miR-491-5p,1.0,1.0,1.0,0,1,0.0,1769,26380,0.06705837755875664,0.0
hsa-miR-493-3p,1.0,1.0,1.0,0,1,0.0,248,26380,0.009401061410159211,0.0
hsa-miR-493-5p,1.0,1.0,1.0,0,1,0.0,529,26380,0.020053070507960576,0.0
hsa-miR-494-3p,1.0,1.0,1.0,0,1,0.0,1420,26380,0.053828658074298714,0.0
hsa-miR-494-5p,1.0,1.0,1.0,0,1,0.0,67,26380,0.0025398028809704323,0.0
hsa-miR-495-3p,1.0,1.0,1.0,0,1,0.0,224,26380,0.00849128127369219,0.0
hsa-miR-495-5p,1.0,1.0,1.0,0,1,0.0,190,26380,0.007202426080363912,0.0
hsa-miR-496,1.0,1.0,1.0,0,1,0.0,155,26380,0.005875663381349507,0.0
hsa-miR-497-3p,1.0,1.0,1.0,0,1,0.0,231,26380,0.008756633813495071,0.0
hsa-miR-497-5p,1.0,1.0,1.0,0,1,0.0,2094,26380,0.07937831690674754,0.0
hsa-miR-498-5p,1.0,1.0,1.0,0,1,0.0,24,26380,0.0009097801364670204,0.0
hsa-miR-4999-5p,1.0,1.0,1.0,0,1,0.0,375,26380,0.014215314632297195,0.0
hsa-miR-499a-3p,1.0,1.0,1.0,0,1,0.0,373,26380,0.014139499620924943,0.0
hsa-miR-499a-5p,1.0,1.0,1.0,0,1,0.0,556,26380,0.021076573161485975,0.0
hsa-miR-499b-5p,1.0,1.0,1.0,0,1,0.0,14,26380,0.0005307050796057619,0.0
hsa-miR-5000-3p,1.0,1.0,1.0,0,1,0.0,45,26380,0.0017058377558756635,0.0
hsa-miR-5001-3p,1.0,1.0,1.0,0,1,0.0,49,26380,0.0018574677786201668,0.0
hsa-miR-5001-5p,1.0,1.0,1.0,0,1,0.0,273,26380,0.010348749052312358,0.0
hsa-miR-5004-3p,1.0,1.0,1.0,0,1,0.0,98,26380,0.0037149355572403337,0.0
hsa-miR-5006-3p,1.0,1.0,1.0,0,1,0.0,69,26380,0.002615617892342684,0.0
hsa-miR-500a-3p,1.0,1.0,1.0,0,1,0.0,3227,26380,0.12232752084912812,0.0
hsa-miR-500a-5p,1.0,1.0,1.0,0,1,0.0,396,26380,0.015011372251705837,0.0
hsa-miR-500b-5p,1.0,1.0,1.0,0,1,0.0,396,26380,0.015011372251705837,0.0
hsa-miR-501-3p,1.0,1.0,1.0,0,1,0.0,669,26380,0.025360121304018195,0.0
hsa-miR-501-5p,1.0,1.0,1.0,0,1,0.0,861,26380,0.03263836239575436,0.0
hsa-miR-5010-3p,1.0,1.0,1.0,0,1,0.0,158,26380,0.005989385898407884,0.0
hsa-miR-5010-5p,1.0,1.0,1.0,0,1,0.0,51,26380,0.0019332827899924184,0.0
hsa-miR-502-3p,1.0,1.0,1.0,0,1,0.0,568,26380,0.021531463229719484,0.0
hsa-miR-502-5p,1.0,1.0,1.0,0,1,0.0,188,26380,0.00712661106899166,0.0
hsa-miR-503-3p,1.0,1.0,1.0,0,1,0.0,183,26380,0.006937073540561031,0.0
hsa-miR-503-5p,1.0,1.0,1.0,0,1,0.0,4139,26380,0.15689916603487492,0.0
hsa-miR-504-3p,1.0,1.0,1.0,0,1,0.0,117,26380,0.004435178165276725,0.0
hsa-miR-504-5p,1.0,1.0,1.0,0,1,0.0,667,26380,0.025284306292645945,0.0
hsa-miR-505-3p,1.0,1.0,1.0,0,1,0.0,1034,26380,0.039196360879454134,0.0
hsa-miR-505-5p,1.0,1.0,1.0,0,1,0.0,692,26380,0.02623199393479909,0.0
hsa-miR-506-3p,1.0,1.0,1.0,0,1,0.0,72,26380,0.0027293404094010615,0.0
hsa-miR-507,1.0,1.0,1.0,0,1,0.0,229,26380,0.008680818802122821,0.0
hsa-miR-508-3p,1.0,1.0,1.0,0,1,0.0,10,26380,0.0003790750568612585,0.0
hsa-miR-509-3p,1.0,1.0,1.0,0,1,0.0,176,26380,0.00667172100075815,0.0
hsa-miR-5094,1.0,1.0,1.0,0,1,0.0,205,26380,0.0077710386656558,0.0
hsa-miR-510-5p,1.0,1.0,1.0,0,1,0.0,7,26380,0.00026535253980288095,0.0
hsa-miR-5100,1.0,1.0,1.0,0,1,0.0,436,26380,0.016527672479150872,0.0
hsa-miR-511-3p,1.0,1.0,1.0,0,1,0.0,15,26380,0.0005686125852918878,0.0
hsa-miR-511-5p,1.0,1.0,1.0,0,1,0.0,60,26380,0.002274450341167551,0.0
hsa-miR-512-3p,1.0,1.0,1.0,0,1,0.0,1312,26380,0.049734647460197116,0.0
hsa-miR-512-5p,1.0,1.0,1.0,0,1,0.0,58,26380,0.0021986353297952996,0.0
hsa-miR-513a-3p,1.0,1.0,1.0,0,1,0.0,27,26380,0.001023502653525398,0.0
hsa-miR-513a-5p,1.0,1.0,1.0,0,1,0.0,151,26380,0.005724033358605004,0.0
hsa-miR-513b-5p,1.0,1.0,1.0,0,1,0.0,48,26380,0.0018195602729340408,0.0
hsa-miR-513c-5p,1.0,1.0,1.0,0,1,0.0,48,26380,0.0018195602729340408,0.0
hsa-miR-514a-3p,1.0,1.0,1.0,0,1,0.0,90,26380,0.003411675511751327,0.0
hsa-miR-514b-5p,1.0,1.0,1.0,0,1,0.0,23,26380,0.0008718726307808946,0.0
hsa-miR-515-3p,1.0,1.0,1.0,0,1,0.0,73,26380,0.0027672479150871875,0.0
hsa-miR-515-5p,1.0,1.0,1.0,0,1,0.0,181,26380,0.006861258529188779,0.0
hsa-miR-516a-5p,1.0,1.0,1.0,0,1,0.0,711,26380,0.026952236542835482,0.0
hsa-miR-516b-5p,1.0,1.0,1.0,0,1,0.0,1480,26380,0.056103108415466264,0.0
hsa-miR-517-5p,1.0,1.0,1.0,0,1,0.0,63,26380,0.0023881728582259287,0.0
hsa-miR-517a-3p,1.0,1.0,1.0,0,1,0.0,52,26380,0.0019711902956785444,0.0
hsa-miR-517b-3p,1.0,1.0,1.0,0,1,0.0,39,26380,0.0014783927217589083,0.0
hsa-miR-517c-3p,1.0,1.0,1.0,0,1,0.0,35,26380,0.001326762699014405,0.0
hsa-miR-518a-3p,1.0,1.0,1.0,0,1,0.0,68,26380,0.002577710386656558,0.0
hsa-miR-518a-5p,1.0,1.0,1.0,0,1,0.0,125,26380,0.0047384382107657315,0.0
hsa-miR-518b,1.0,1.0,1.0,0,1,0.0,52,26380,0.0019711902956785444,0.0
hsa-miR-518c-3p,1.0,1.0,1.0,0,1,0.0,78,26380,0.0029567854435178166,0.0
hsa-miR-518c-5p,1.0,1.0,1.0,0,1,0.0,68,26380,0.002577710386656558,0.0
hsa-miR-518d-5p,1.0,1.0,1.0,0,1,0.0,61,26380,0.002312357846853677,0.0
hsa-miR-518e-3p,1.0,1.0,1.0,0,1,0.0,30,26380,0.0011372251705837756,0.0
hsa-miR-518e-5p,1.0,1.0,1.0,0,1,0.0,3,26380,0.00011372251705837755,0.0
hsa-miR-518f-3p,1.0,1.0,1.0,0,1,0.0,88,26380,0.003335860500379075,0.0
hsa-miR-518f-5p,1.0,1.0,1.0,0,1,0.0,154,26380,0.005837755875663381,0.0
hsa-miR-5193,1.0,1.0,1.0,0,1,0.0,1,26380,3.7907505686125855e-05,0.0
hsa-miR-5196-3p,1.0,1.0,1.0,0,1,0.0,16,26380,0.0006065200909780137,0.0
hsa-miR-519a-2-5p,1.0,1.0,1.0,0,1,0.0,103,26380,0.003904473085670963,0.0
hsa-miR-519a-3p,1.0,1.0,1.0,0,1,0.0,103,26380,0.003904473085670963,0.0
hsa-miR-519a-5p,1.0,1.0,1.0,0,1,0.0,208,26380,0.007884761182714178,0.0
hsa-miR-519b-3p,1.0,1.0,1.0,0,1,0.0,122,26380,0.004624715693707354,0.0
hsa-miR-519b-5p,1.0,1.0,1.0,0,1,0.0,3,26380,0.00011372251705837755,0.0
hsa-miR-519c-3p,1.0,1.0,1.0,0,1,0.0,85,26380,0.0032221379833206974,0.0
hsa-miR-519c-5p,1.0,1.0,1.0,0,1,0.0,3,26380,0.00011372251705837755,0.0
hsa-miR-519d-3p,1.0,1.0,1.0,0,1,0.0,153,26380,0.005799848369977255,0.0
hsa-miR-519d-5p,1.0,1.0,1.0,0,1,0.0,11,26380,0.00041698256254738437,0.0
hsa-miR-519e-3p,1.0,1.0,1.0,0,1,0.0,100,26380,0.0037907505686125853,0.0
hsa-miR-519e-5p,1.0,1.0,1.0,0,1,0.0,42,26380,0.001592115238817286,0.0
hsa-miR-520a-3p,1.0,1.0,1.0,0,1,0.0,251,26380,0.00951478392721759,0.0
hsa-miR-520a-5p,1.0,1.0,1.0,0,1,0.0,190,26380,0.007202426080363912,0.0
hsa-miR-520b-3p,1.0,1.0,1.0,0,1,0.0,119,26380,0.004510993176648976,0.0
hsa-miR-520b-5p,1.0,1.0,1.0,0,1,0.0,103,26380,0.003904473085670963,0.0
hsa-miR-520c-3p,1.0,1.0,1.0,0,1,0.0,486,26380,0.018423047763457163,0.0
hsa-miR-520c-5p,1.0,1.0,1.0,0,1,0.0,75,26380,0.002843062926459439,0.0
hsa-miR-520d-3p,1.0,1.0,1.0,0,1,0.0,105,26380,0.003980288097043215,0.0
hsa-miR-520d-5p,1.0,1.0,1.0,0,1,0.0,47,26380,0.001781652767247915,0.0
hsa-miR-520e-3p,1.0,1.0,1.0,0,1,0.0,85,26380,0.0032221379833206974,0.0
hsa-miR-520f-3p,1.0,1.0,1.0,0,1,0.0,755,26380,0.02862016679302502,0.0
hsa-miR-520g-3p,1.0,1.0,1.0,0,1,0.0,104,26380,0.003942380591357089,0.0
hsa-miR-520h,1.0,1.0,1.0,0,1,0.0,161,26380,0.006103108415466262,0.0
hsa-miR-521,1.0,1.0,1.0,0,1,0.0,24,26380,0.0009097801364670204,0.0
hsa-miR-522-3p,1.0,1.0,1.0,0,1,0.0,112,26380,0.004245640636846095,0.0
hsa-miR-522-5p,1.0,1.0,1.0,0,1,0.0,583,26380,0.02210007581501137,0.0
hsa-miR-523-3p,1.0,1.0,1.0,0,1,0.0,13,26380,0.0004927975739196361,0.0
hsa-miR-523-5p,1.0,1.0,1.0,0,1,0.0,3,26380,0.00011372251705837755,0.0
hsa-miR-524-3p,1.0,1.0,1.0,0,1,0.0,33,26380,0.0012509476876421532,0.0
hsa-miR-524-5p,1.0,1.0,1.0,0,1,0.0,72,26380,0.0027293404094010615,0.0
hsa-miR-525-3p,1.0,1.0,1.0,0,1,0.0,49,26380,0.0018574677786201668,0.0
hsa-miR-525-5p,1.0,1.0,1.0,0,1,0.0,124,26380,0.0047005307050796055,0.0
hsa-miR-526a-3p,1.0,1.0,1.0,0,1,0.0,55,26380,0.002084912812736922,0.0
hsa-miR-526a-5p,1.0,1.0,1.0,0,1,0.0,62,26380,0.0023502653525398027,0.0
hsa-miR-526b-3p,1.0,1.0,1.0,0,1,0.0,127,26380,0.0048142532221379835,0.0
hsa-miR-526b-5p,1.0,1.0,1.0,0,1,0.0,343,26380,0.013002274450341168,0.0
hsa-miR-527,1.0,1.0,1.0,0,1,0.0,49,26380,0.0018574677786201668,0.0
hsa-miR-532-3p,1.0,1.0,1.0,0,1,0.0,303,26380,0.011485974222896133,0.0
hsa-miR-532-5p,1.0,1.0,1.0,0,1,0.0,2187,26380,0.08290371493555725,0.0
hsa-miR-539-3p,1.0,1.0,1.0,0,1,0.0,1067,26380,0.04044730856709629,0.0
hsa-miR-539-5p,1.0,1.0,1.0,0,1,0.0,353,26380,0.013381349507202427,0.0
hsa-miR-541-3p,1.0,1.0,1.0,0,1,0.0,69,26380,0.002615617892342684,0.0
hsa-miR-542-3p,1.0,1.0,1.0,0,1,0.0,1474,26380,0.05587566338134951,0.0
hsa-miR-542-5p,1.0,1.0,1.0,0,1,0.0,954,26380,0.03616376042456406,0.0
hsa-miR-543,1.0,1.0,1.0,0,1,0.0,323,26380,0.01224412433661865,0.0
hsa-miR-544a,1.0,1.0,1.0,0,1,0.0,551,26380,0.020887035633055346,0.0
hsa-miR-545-3p,1.0,1.0,1.0,0,1,0.0,288,26380,0.010917361637604246,0.0
hsa-miR-545-5p,1.0,1.0,1.0,0,1,0.0,190,26380,0.007202426080363912,0.0
hsa-miR-548a-3p,1.0,1.0,1.0,0,1,0.0,78,26380,0.0029567854435178166,0.0
hsa-miR-548a-5p,1.0,1.0,1.0,0,1,0.0,87,26380,0.0032979529946929494,0.0
hsa-miR-548aa,1.0,1.0,1.0,0,1,0.0,5,26380,0.00018953752843062926,0.0
hsa-miR-548ab,1.0,1.0,1.0,0,1,0.0,4,26380,0.00015163002274450342,0.0
hsa-miR-548ad-5p,1.0,1.0,1.0,0,1,0.0,1,26380,3.7907505686125855e-05,0.0
hsa-miR-548ag,1.0,1.0,1.0,0,1,0.0,16,26380,0.0006065200909780137,0.0
hsa-miR-548ah-3p,1.0,1.0,1.0,0,1,0.0,1,26380,3.7907505686125855e-05,0.0
hsa-miR-548ah-5p,1.0,1.0,1.0,0,1,0.0,361,26380,0.013684609552691433,0.0
hsa-miR-548ak,1.0,1.0,1.0,0,1,0.0,130,26380,0.004927975739196361,0.0
hsa-miR-548am-5p,1.0,1.0,1.0,0,1,0.0,133,26380,0.005041698256254739,0.0
hsa-miR-548ao-5p,1.0,1.0,1.0,0,1,0.0,15,26380,0.0005686125852918878,0.0
hsa-miR-548ap-5p,1.0,1.0,1.0,0,1,0.0,3,26380,0.00011372251705837755,0.0
hsa-miR-548aq-3p,1.0,1.0,1.0,0,1,0.0,3,26380,0.00011372251705837755,0.0
hsa-miR-548at-5p,1.0,1.0,1.0,0,1,0.0,40,26380,0.001516300227445034,0.0
hsa-miR-548au-5p,1.0,1.0,1.0,0,1,0.0,4,26380,0.00015163002274450342,0.0
hsa-miR-548ay-5p,1.0,1.0,1.0,0,1,0.0,91,26380,0.0034495830174374525,0.0
hsa-miR-548az-3p,1.0,1.0,1.0,0,1,0.0,23,26380,0.0008718726307808946,0.0
hsa-miR-548az-5p,1.0,1.0,1.0,0,1,0.0,78,26380,0.0029567854435178166,0.0
hsa-miR-548b-3p,1.0,1.0,1.0,0,1,0.0,80,26380,0.003032600454890068,0.0
hsa-miR-548b-5p,1.0,1.0,1.0,0,1,0.0,52,26380,0.0019711902956785444,0.0
hsa-miR-548ba,1.0,1.0,1.0,0,1,0.0,1,26380,3.7907505686125855e-05,0.0
hsa-miR-548bc,1.0,1.0,1.0,0,1,0.0,2,26380,7.581501137225171e-05,0.0
hsa-miR-548c-5p,1.0,1.0,1.0,0,1,0.0,209,26380,0.007922668688400303,0.0
hsa-miR-548d-3p,1.0,1.0,1.0,0,1,0.0,42,26380,0.001592115238817286,0.0
hsa-miR-548d-5p,1.0,1.0,1.0,0,1,0.0,350,26380,0.013267626990144048,0.0
hsa-miR-548e-3p,1.0,1.0,1.0,0,1,0.0,467,26380,0.017702805155420772,0.0
hsa-miR-548e-5p,1.0,1.0,1.0,0,1,0.0,22,26380,0.0008339651250947687,0.0
hsa-miR-548f-3p,1.0,1.0,1.0,0,1,0.0,19,26380,0.0007202426080363912,0.0
hsa-miR-548h-3p,1.0,1.0,1.0,0,1,0.0,34,26380,0.001288855193328279,0.0
hsa-miR-548h-5p,1.0,1.0,1.0,0,1,0.0,2,26380,7.581501137225171e-05,0.0
hsa-miR-548i,1.0,1.0,1.0,0,1,0.0,118,26380,0.00447308567096285,0.0
hsa-miR-548j-5p,1.0,1.0,1.0,0,1,0.0,299,26380,0.01133434420015163,0.0
hsa-miR-548k,1.0,1.0,1.0,0,1,0.0,643,26380,0.024374526156178924,0.0
hsa-miR-548l,1.0,1.0,1.0,0,1,0.0,191,26380,0.007240333586050038,0.0
hsa-miR-548n,1.0,1.0,1.0,0,1,0.0,18,26380,0.0006823351023502654,0.0
hsa-miR-548o-3p,1.0,1.0,1.0,0,1,0.0,371,26380,0.014063684609552691,0.0
hsa-miR-548o-5p,1.0,1.0,1.0,0,1,0.0,135,26380,0.00511751326762699,0.0
hsa-miR-548q,1.0,1.0,1.0,0,1,0.0,65,26380,0.0024639878695981803,0.0
hsa-miR-548t-3p,1.0,1.0,1.0,0,1,0.0,2,26380,7.581501137225171e-05,0.0
hsa-miR-548v,1.0,1.0,1.0,0,1,0.0,54,26380,0.002047005307050796,0.0
hsa-miR-548w,1.0,1.0,1.0,0,1,0.0,284,26380,0.010765731614859742,0.0
hsa-miR-548y,1.0,1.0,1.0,0,1,0.0,196,26380,0.007429871114480667,0.0
hsa-miR-548z,1.0,1.0,1.0,0,1,0.0,34,26380,0.001288855193328279,0.0
hsa-miR-550a-3-5p,1.0,1.0,1.0,0,1,0.0,497,26380,0.01884003032600455,0.0
hsa-miR-550a-3p,1.0,1.0,1.0,0,1,0.0,517,26380,0.019598180439727067,0.0
hsa-miR-550a-5p,1.0,1.0,1.0,0,1,0.0,653,26380,0.024753601213040183,0.0
hsa-miR-550b-2-5p,1.0,1.0,1.0,0,1,0.0,48,26380,0.0018195602729340408,0.0
hsa-miR-551b-3p,1.0,1.0,1.0,0,1,0.0,96,26380,0.0036391205458680817,0.0
hsa-miR-551b-5p,1.0,1.0,1.0,0,1,0.0,65,26380,0.0024639878695981803,0.0
hsa-miR-552-3p,1.0,1.0,1.0,0,1,0.0,20,26380,0.000758150113722517,0.0
hsa-miR-552-5p,1.0,1.0,1.0,0,1,0.0,178,26380,0.006747536012130402,0.0
hsa-miR-556-3p,1.0,1.0,1.0,0,1,0.0,41,26380,0.0015542077331311599,0.0
hsa-miR-556-5p,1.0,1.0,1.0,0,1,0.0,52,26380,0.0019711902956785444,0.0
hsa-miR-557,1.0,1.0,1.0,0,1,0.0,121,26380,0.004586808188021228,0.0
hsa-miR-5579-3p,1.0,1.0,1.0,0,1,0.0,32,26380,0.0012130401819560274,0.0
hsa-miR-5579-5p,1.0,1.0,1.0,0,1,0.0,39,26380,0.0014783927217589083,0.0
hsa-miR-558,1.0,1.0,1.0,0,1,0.0,1,26380,3.7907505686125855e-05,0.0
hsa-miR-5581-3p,1.0,1.0,1.0,0,1,0.0,228,26380,0.008642911296436694,0.0
hsa-miR-5582-3p,1.0,1.0,1.0,0,1,0.0,1,26380,3.7907505686125855e-05,0.0
hsa-miR-5585-3p,1.0,1.0,1.0,0,1,0.0,38,26380,0.0014404852160727823,0.0
hsa-miR-5586-3p,1.0,1.0,1.0,0,1,0.0,33,26380,0.0012509476876421532,0.0
hsa-miR-5587-5p,1.0,1.0,1.0,0,1,0.0,6,26380,0.0002274450341167551,0.0
hsa-miR-559,1.0,1.0,1.0,0,1,0.0,1,26380,3.7907505686125855e-05,0.0
hsa-miR-561-3p,1.0,1.0,1.0,0,1,0.0,20,26380,0.000758150113722517,0.0
hsa-miR-561-5p,1.0,1.0,1.0,0,1,0.0,1288,26380,0.0488248673237301,0.0
hsa-miR-562,1.0,1.0,1.0,0,1,0.0,1,26380,3.7907505686125855e-05,0.0
hsa-miR-567,1.0,1.0,1.0,0,1,0.0,51,26380,0.0019332827899924184,0.0
hsa-miR-5680,1.0,1.0,1.0,0,1,0.0,7,26380,0.00026535253980288095,0.0
hsa-miR-5682,1.0,1.0,1.0,0,1,0.0,213,26380,0.008074298711144807,0.0
hsa-miR-5683,1.0,1.0,1.0,0,1,0.0,62,26380,0.0023502653525398027,0.0
hsa-miR-5688,1.0,1.0,1.0,0,1,0.0,1,26380,3.7907505686125855e-05,0.0
hsa-miR-5690,1.0,1.0,1.0,0,1,0.0,40,26380,0.001516300227445034,0.0
hsa-miR-5699-3p,1.0,1.0,1.0,0,1,0.0,92,26380,0.0034874905231235785,0.0
hsa-miR-5699-5p,1.0,1.0,1.0,0,1,0.0,49,26380,0.0018574677786201668,0.0
hsa-miR-570-3p,1.0,1.0,1.0,0,1,0.0,157,26380,0.005951478392721759,0.0
hsa-miR-5701,1.0,1.0,1.0,0,1,0.0,63,26380,0.0023881728582259287,0.0
hsa-miR-571,1.0,1.0,1.0,0,1,0.0,227,26380,0.00860500379075057,0.0
hsa-miR-572,1.0,1.0,1.0,0,1,0.0,2,26380,7.581501137225171e-05,0.0
hsa-miR-573,1.0,1.0,1.0,0,1,0.0,183,26380,0.006937073540561031,0.0
hsa-miR-574-3p,1.0,1.0,1.0,0,1,0.0,740,26380,0.028051554207733132,0.0
hsa-miR-574-5p,1.0,1.0,1.0,0,1,0.0,3516,26380,0.1332827899924185,0.0
hsa-miR-576-3p,1.0,1.0,1.0,0,1,0.0,2205,26380,0.0835860500379075,0.0
hsa-miR-576-5p,1.0,1.0,1.0,0,1,0.0,1031,26380,0.039082638362395755,0.0
hsa-miR-577,1.0,1.0,1.0,0,1,0.0,330,26380,0.012509476876421531,0.0
hsa-miR-579-3p,1.0,1.0,1.0,0,1,0.0,388,26380,0.01470811220621683,0.0
hsa-miR-579-5p,1.0,1.0,1.0,0,1,0.0,56,26380,0.0021228203184230476,0.0
hsa-miR-580-3p,1.0,1.0,1.0,0,1,0.0,130,26380,0.004927975739196361,0.0
hsa-miR-582-3p,1.0,1.0,1.0,0,1,0.0,823,26380,0.031197877179681578,0.0
hsa-miR-582-5p,1.0,1.0,1.0,0,1,0.0,1816,26380,0.06884003032600455,0.0
hsa-miR-584-3p,1.0,1.0,1.0,0,1,0.0,2,26380,7.581501137225171e-05,0.0
hsa-miR-584-5p,1.0,1.0,1.0,0,1,0.0,1761,26380,0.06675511751326763,0.0
hsa-miR-585-3p,1.0,1.0,1.0,0,1,0.0,1,26380,3.7907505686125855e-05,0.0
hsa-miR-589-3p,1.0,1.0,1.0,0,1,0.0,703,26380,0.026648976497346474,0.0
hsa-miR-589-5p,1.0,1.0,1.0,0,1,0.0,1887,26380,0.07153146322971948,0.0
hsa-miR-590-3p,1.0,1.0,1.0,0,1,0.0,752,26380,0.02850644427596664,0.0
hsa-miR-590-5p,1.0,1.0,1.0,0,1,0.0,861,26380,0.03263836239575436,0.0
hsa-miR-591,1.0,1.0,1.0,0,1,0.0,183,26380,0.006937073540561031,0.0
hsa-miR-592,1.0,1.0,1.0,0,1,0.0,1124,26380,0.04260803639120546,0.0
hsa-miR-593-3p,1.0,1.0,1.0,0,1,0.0,1,26380,3.7907505686125855e-05,0.0
hsa-miR-597-3p,1.0,1.0,1.0,0,1,0.0,106,26380,0.004018195602729341,0.0
hsa-miR-597-5p,1.0,1.0,1.0,0,1,0.0,952,26380,0.03608794541319181,0.0
hsa-miR-598-3p,1.0,1.0,1.0,0,1,0.0,635,26380,0.024071266110689916,0.0
hsa-miR-598-5p,1.0,1.0,1.0,0,1,0.0,254,26380,0.009628506444275967,0.0
hsa-miR-601,1.0,1.0,1.0,0,1,0.0,1,26380,3.7907505686125855e-05,0.0
hsa-miR-603,1.0,1.0,1.0,0,1,0.0,202,26380,0.0076573161485974225,0.0
hsa-miR-605-3p,1.0,1.0,1.0,0,1,0.0,7,26380,0.00026535253980288095,0.0
hsa-miR-605-5p,1.0,1.0,1.0,0,1,0.0,44,26380,0.0016679302501895375,0.0
hsa-miR-608,1.0,1.0,1.0,0,1,0.0,2,26380,7.581501137225171e-05,0.0
hsa-miR-610,1.0,1.0,1.0,0,1,0.0,3,26380,0.00011372251705837755,0.0
hsa-miR-612,1.0,1.0,1.0,0,1,0.0,2,26380,7.581501137225171e-05,0.0
hsa-miR-615-3p,1.0,1.0,1.0,0,1,0.0,475,26380,0.01800606520090978,0.0
hsa-miR-615-5p,1.0,1.0,1.0,0,1,0.0,101,26380,0.0038286580742987113,0.0
hsa-miR-616-3p,1.0,1.0,1.0,0,1,0.0,80,26380,0.003032600454890068,0.0
hsa-miR-616-5p,1.0,1.0,1.0,0,1,0.0,166,26380,0.0062926459438968916,0.0
hsa-miR-618,1.0,1.0,1.0,0,1,0.0,320,26380,0.012130401819560273,0.0
hsa-miR-619-5p,1.0,1.0,1.0,0,1,0.0,760,26380,0.02880970432145565,0.0
hsa-miR-622,1.0,1.0,1.0,0,1,0.0,1,26380,3.7907505686125855e-05,0.0
hsa-miR-624-3p,1.0,1.0,1.0,0,1,0.0,3,26380,0.00011372251705837755,0.0
hsa-miR-624-5p,1.0,1.0,1.0,0,1,0.0,699,26380,0.02649734647460197,0.0
hsa-miR-625-3p,1.0,1.0,1.0,0,1,0.0,469,26380,0.017778620166793026,0.0
hsa-miR-625-5p,1.0,1.0,1.0,0,1,0.0,3631,26380,0.13764215314632297,0.0
hsa-miR-627-5p,1.0,1.0,1.0,0,1,0.0,503,26380,0.019067475360121305,0.0
hsa-miR-628-3p,1.0,1.0,1.0,0,1,0.0,328,26380,0.012433661865049279,0.0
hsa-miR-628-5p,1.0,1.0,1.0,0,1,0.0,821,26380,0.031122062168309324,0.0
hsa-miR-629-3p,1.0,1.0,1.0,0,1,0.0,165,26380,0.0062547384382107656,0.0
hsa-miR-629-5p,1.0,1.0,1.0,0,1,0.0,1600,26380,0.060652009097801364,0.0
hsa-miR-630,1.0,1.0,1.0,0,1,0.0,94,26380,0.00356330553449583,0.0
hsa-miR-636,1.0,1.0,1.0,0,1,0.0,316,26380,0.011978771796815769,0.0
hsa-miR-638,1.0,1.0,1.0,0,1,0.0,3,26380,0.00011372251705837755,0.0
hsa-miR-639,1.0,1.0,1.0,0,1,0.0,19,26380,0.0007202426080363912,0.0
hsa-miR-641,1.0,1.0,1.0,0,1,0.0,1134,26380,0.04298711144806672,0.0
hsa-miR-642a-3p,1.0,1.0,1.0,0,1,0.0,122,26380,0.004624715693707354,0.0
hsa-miR-642a-5p,1.0,1.0,1.0,0,1,0.0,486,26380,0.018423047763457163,0.0
hsa-miR-642b-3p,1.0,1.0,1.0,0,1,0.0,28,26380,0.0010614101592115238,0.0
hsa-miR-642b-5p,1.0,1.0,1.0,0,1,0.0,109,26380,0.004131918119787718,0.0
hsa-miR-643,1.0,1.0,1.0,0,1,0.0,106,26380,0.004018195602729341,0.0
hsa-miR-648,1.0,1.0,1.0,0,1,0.0,1,26380,3.7907505686125855e-05,0.0
hsa-miR-6500-3p,1.0,1.0,1.0,0,1,0.0,113,26380,0.004283548142532221,0.0
hsa-miR-6503-3p,1.0,1.0,1.0,0,1,0.0,2,26380,7.581501137225171e-05,0.0
hsa-miR-6505-5p,1.0,1.0,1.0,0,1,0.0,56,26380,0.0021228203184230476,0.0
hsa-miR-6507-5p,1.0,1.0,1.0,0,1,0.0,131,26380,0.004965883244882487,0.0
hsa-miR-651-5p,1.0,1.0,1.0,0,1,0.0,623,26380,0.023616376042456408,0.0
hsa-miR-6511a-3p,1.0,1.0,1.0,0,1,0.0,146,26380,0.005534495830174375,0.0
hsa-miR-6511b-3p,1.0,1.0,1.0,0,1,0.0,60,26380,0.002274450341167551,0.0
hsa-miR-6511b-5p,1.0,1.0,1.0,0,1,0.0,3,26380,0.00011372251705837755,0.0
hsa-miR-6514-5p,1.0,1.0,1.0,0,1,0.0,138,26380,0.005231235784685368,0.0
hsa-miR-6515-5p,1.0,1.0,1.0,0,1,0.0,27,26380,0.001023502653525398,0.0
hsa-miR-6516-3p,1.0,1.0,1.0,0,1,0.0,260,26380,0.009855951478392721,0.0
hsa-miR-6516-5p,1.0,1.0,1.0,0,1,0.0,212,26380,0.008036391205458682,0.0
hsa-miR-652-3p,1.0,1.0,1.0,0,1,0.0,3078,26380,0.11667930250189537,0.0
hsa-miR-652-5p,1.0,1.0,1.0,0,1,0.0,63,26380,0.0023881728582259287,0.0
hsa-miR-653-3p,1.0,1.0,1.0,0,1,0.0,437,26380,0.016565579984836997,0.0
hsa-miR-653-5p,1.0,1.0,1.0,0,1,0.0,250,26380,0.009476876421531463,0.0
hsa-miR-654-3p,1.0,1.0,1.0,0,1,0.0,895,26380,0.03392721758908264,0.0
hsa-miR-654-5p,1.0,1.0,1.0,0,1,0.0,149,26380,0.005648218347232752,0.0
hsa-miR-655-3p,1.0,1.0,1.0,0,1,0.0,59,26380,0.002236542835481425,0.0
hsa-miR-655-5p,1.0,1.0,1.0,0,1,0.0,50,26380,0.0018953752843062926,0.0
hsa-miR-656-3p,1.0,1.0,1.0,0,1,0.0,25,26380,0.0009476876421531463,0.0
hsa-miR-656-5p,1.0,1.0,1.0,0,1,0.0,742,26380,0.028127369219105382,0.0
hsa-miR-657,1.0,1.0,1.0,0,1,0.0,35,26380,0.001326762699014405,0.0
hsa-miR-659-5p,1.0,1.0,1.0,0,1,0.0,39,26380,0.0014783927217589083,0.0
hsa-miR-660-3p,1.0,1.0,1.0,0,1,0.0,48,26380,0.0018195602729340408,0.0
hsa-miR-660-5p,1.0,1.0,1.0,0,1,0.0,1434,26380,0.05435936315390447,0.0
hsa-miR-661,1.0,1.0,1.0,0,1,0.0,2,26380,7.581501137225171e-05,0.0
hsa-miR-663a,1.0,1.0,1.0,0,1,0.0,12,26380,0.0004548900682335102,0.0
hsa-miR-664a-3p,1.0,1.0,1.0,0,1,0.0,454,26380,0.01721000758150114,0.0
hsa-miR-664a-5p,1.0,1.0,1.0,0,1,0.0,224,26380,0.00849128127369219,0.0
hsa-miR-664b-3p,1.0,1.0,1.0,0,1,0.0,901,26380,0.03415466262319939,0.0
hsa-miR-664b-5p,1.0,1.0,1.0,0,1,0.0,95,26380,0.003601213040181956,0.0
hsa-miR-665,1.0,1.0,1.0,0,1,0.0,124,26380,0.0047005307050796055,0.0
hsa-miR-668-3p,1.0,1.0,1.0,0,1,0.0,72,26380,0.0027293404094010615,0.0
hsa-miR-670-3p,1.0,1.0,1.0,0,1,0.0,236,26380,0.0089461713419257,0.0
hsa-miR-670-5p,1.0,1.0,1.0,0,1,0.0,96,26380,0.0036391205458680817,0.0
hsa-miR-671-3p,1.0,1.0,1.0,0,1,0.0,934,26380,0.035405610310841544,0.0
hsa-miR-671-5p,1.0,1.0,1.0,0,1,0.0,3267,26380,0.12384382107657316,0.0
hsa-miR-6720-5p,1.0,1.0,1.0,0,1,0.0,2,26380,7.581501137225171e-05,0.0
hsa-miR-6721-5p,1.0,1.0,1.0,0,1,0.0,228,26380,0.008642911296436694,0.0
hsa-miR-6724-5p,1.0,1.0,1.0,0,1,0.0,3,26380,0.00011372251705837755,0.0
hsa-miR-6726-3p,1.0,1.0,1.0,0,1,0.0,2,26380,7.581501137225171e-05,0.0
hsa-miR-6727-3p,1.0,1.0,1.0,0,1,0.0,1,26380,3.7907505686125855e-05,0.0
hsa-miR-6727-5p,1.0,1.0,1.0,0,1,0.0,1,26380,3.7907505686125855e-05,0.0
hsa-miR-6728-3p,1.0,1.0,1.0,0,1,0.0,1,26380,3.7907505686125855e-05,0.0
hsa-miR-6729-3p,1.0,1.0,1.0,0,1,0.0,1,26380,3.7907505686125855e-05,0.0
hsa-miR-6734-5p,1.0,1.0,1.0,0,1,0.0,1,26380,3.7907505686125855e-05,0.0
hsa-miR-6735-5p,1.0,1.0,1.0,0,1,0.0,63,26380,0.0023881728582259287,0.0
hsa-miR-6741-3p,1.0,1.0,1.0,0,1,0.0,84,26380,0.003184230477634572,0.0
hsa-miR-6744-5p,1.0,1.0,1.0,0,1,0.0,8,26380,0.00030326004548900684,0.0
hsa-miR-6747-3p,1.0,1.0,1.0,0,1,0.0,65,26380,0.0024639878695981803,0.0
hsa-miR-6748-3p,1.0,1.0,1.0,0,1,0.0,1,26380,3.7907505686125855e-05,0.0
hsa-miR-675-3p,1.0,1.0,1.0,0,1,0.0,75,26380,0.002843062926459439,0.0
hsa-miR-675-5p,1.0,1.0,1.0,0,1,0.0,152,26380,0.005761940864291129,0.0
hsa-miR-6750-5p,1.0,1.0,1.0,0,1,0.0,1,26380,3.7907505686125855e-05,0.0
hsa-miR-6751-5p,1.0,1.0,1.0,0,1,0.0,33,26380,0.0012509476876421532,0.0
hsa-miR-6757-3p,1.0,1.0,1.0,0,1,0.0,97,26380,0.0036770280515542077,0.0
hsa-miR-676-3p,1.0,1.0,1.0,0,1,0.0,20,26380,0.000758150113722517,0.0
hsa-miR-6761-5p,1.0,1.0,1.0,0,1,0.0,198,26380,0.0075056861258529185,0.0
hsa-miR-6763-5p,1.0,1.0,1.0,0,1,0.0,1,26380,3.7907505686125855e-05,0.0
hsa-miR-6764-5p,1.0,1.0,1.0,0,1,0.0,362,26380,0.013722517058377558,0.0
hsa-miR-6765-3p,1.0,1.0,1.0,0,1,0.0,3,26380,0.00011372251705837755,0.0
hsa-miR-6765-5p,1.0,1.0,1.0,0,1,0.0,1,26380,3.7907505686125855e-05,0.0
hsa-miR-6766-3p,1.0,1.0,1.0,0,1,0.0,135,26380,0.00511751326762699,0.0
hsa-miR-6769b-3p,1.0,1.0,1.0,0,1,0.0,1,26380,3.7907505686125855e-05,0.0
hsa-miR-6770-5p,1.0,1.0,1.0,0,1,0.0,722,26380,0.027369219105382866,0.0
hsa-miR-6772-3p,1.0,1.0,1.0,0,1,0.0,1,26380,3.7907505686125855e-05,0.0
hsa-miR-6778-3p,1.0,1.0,1.0,0,1,0.0,33,26380,0.0012509476876421532,0.0
hsa-miR-6781-3p,1.0,1.0,1.0,0,1,0.0,3,26380,0.00011372251705837755,0.0
hsa-miR-6783-3p,1.0,1.0,1.0,0,1,0.0,1,26380,3.7907505686125855e-05,0.0
hsa-miR-6787-3p,1.0,1.0,1.0,0,1,0.0,1,26380,3.7907505686125855e-05,0.0
hsa-miR-6789-5p,1.0,1.0,1.0,0,1,0.0,1,26380,3.7907505686125855e-05,0.0
hsa-miR-6793-5p,1.0,1.0,1.0,0,1,0.0,4,26380,0.00015163002274450342,0.0
hsa-miR-6795-5p,1.0,1.0,1.0,0,1,0.0,18,26380,0.0006823351023502654,0.0
hsa-miR-6796-5p,1.0,1.0,1.0,0,1,0.0,315,26380,0.011940864291129644,0.0
hsa-miR-6797-3p,1.0,1.0,1.0,0,1,0.0,54,26380,0.002047005307050796,0.0
hsa-miR-6800-5p,1.0,1.0,1.0,0,1,0.0,1,26380,3.7907505686125855e-05,0.0
hsa-miR-6803-3p,1.0,1.0,1.0,0,1,0.0,3,26380,0.00011372251705837755,0.0
hsa-miR-6804-5p,1.0,1.0,1.0,0,1,0.0,56,26380,0.0021228203184230476,0.0
hsa-miR-6809-3p,1.0,1.0,1.0,0,1,0.0,39,26380,0.0014783927217589083,0.0
hsa-miR-6810-5p,1.0,1.0,1.0,0,1,0.0,730,26380,0.027672479150871874,0.0
hsa-miR-6812-5p,1.0,1.0,1.0,0,1,0.0,18,26380,0.0006823351023502654,0.0
hsa-miR-6816-3p,1.0,1.0,1.0,0,1,0.0,6,26380,0.0002274450341167551,0.0
hsa-miR-6816-5p,1.0,1.0,1.0,0,1,0.0,1,26380,3.7907505686125855e-05,0.0
hsa-miR-6818-5p,1.0,1.0,1.0,0,1,0.0,43,26380,0.0016300227445034117,0.0
hsa-miR-6820-3p,1.0,1.0,1.0,0,1,0.0,40,26380,0.001516300227445034,0.0
hsa-miR-6821-3p,1.0,1.0,1.0,0,1,0.0,1,26380,3.7907505686125855e-05,0.0
hsa-miR-6821-5p,1.0,1.0,1.0,0,1,0.0,1,26380,3.7907505686125855e-05,0.0
hsa-miR-6825-3p,1.0,1.0,1.0,0,1,0.0,55,26380,0.002084912812736922,0.0
hsa-miR-6825-5p,1.0,1.0,1.0,0,1,0.0,112,26380,0.004245640636846095,0.0
hsa-miR-6830-3p,1.0,1.0,1.0,0,1,0.0,127,26380,0.0048142532221379835,0.0
hsa-miR-6832-5p,1.0,1.0,1.0,0,1,0.0,130,26380,0.004927975739196361,0.0
hsa-miR-6833-3p,1.0,1.0,1.0,0,1,0.0,52,26380,0.0019711902956785444,0.0
hsa-miR-6842-3p,1.0,1.0,1.0,0,1,0.0,139,26380,0.005269143290371494,0.0
hsa-miR-6847-5p,1.0,1.0,1.0,0,1,0.0,9,26380,0.0003411675511751327,0.0
hsa-miR-6851-5p,1.0,1.0,1.0,0,1,0.0,1,26380,3.7907505686125855e-05,0.0
hsa-miR-6854-5p,1.0,1.0,1.0,0,1,0.0,9,26380,0.0003411675511751327,0.0
hsa-miR-6855-5p,1.0,1.0,1.0,0,1,0.0,48,26380,0.0018195602729340408,0.0
hsa-miR-6857-3p,1.0,1.0,1.0,0,1,0.0,1,26380,3.7907505686125855e-05,0.0
hsa-miR-6858-5p,1.0,1.0,1.0,0,1,0.0,1,26380,3.7907505686125855e-05,0.0
hsa-miR-6859-5p,1.0,1.0,1.0,0,1,0.0,146,26380,0.005534495830174375,0.0
hsa-miR-6865-5p,1.0,1.0,1.0,0,1,0.0,3,26380,0.00011372251705837755,0.0
hsa-miR-6866-5p,1.0,1.0,1.0,0,1,0.0,79,26380,0.002994692949203942,0.0
hsa-miR-6871-5p,1.0,1.0,1.0,0,1,0.0,69,26380,0.002615617892342684,0.0
hsa-miR-6877-5p,1.0,1.0,1.0,0,1,0.0,20,26380,0.000758150113722517,0.0
hsa-miR-6879-3p,1.0,1.0,1.0,0,1,0.0,1,26380,3.7907505686125855e-05,0.0
hsa-miR-6882-5p,1.0,1.0,1.0,0,1,0.0,53,26380,0.0020090978013646704,0.0
hsa-miR-6885-3p,1.0,1.0,1.0,0,1,0.0,103,26380,0.003904473085670963,0.0
hsa-miR-6886-5p,1.0,1.0,1.0,0,1,0.0,24,26380,0.0009097801364670204,0.0
hsa-miR-6892-3p,1.0,1.0,1.0,0,1,0.0,6,26380,0.0002274450341167551,0.0
hsa-miR-7-1-3p,1.0,1.0,1.0,0,1,0.0,348,26380,0.013191811978771797,0.0
hsa-miR-7-2-3p,1.0,1.0,1.0,0,1,0.0,36,26380,0.0013646702047005307,0.0
hsa-miR-7-5p,1.0,1.0,1.0,0,1,0.0,7849,26380,0.2975360121304018,0.0
hsa-miR-708-3p,1.0,1.0,1.0,0,1,0.0,697,26380,0.02642153146322972,0.0
hsa-miR-708-5p,1.0,1.0,1.0,0,1,0.0,2033,26380,0.07706595905989386,0.0
hsa-miR-7109-5p,1.0,1.0,1.0,0,1,0.0,28,26380,0.0010614101592115238,0.0
hsa-miR-7110-5p,1.0,1.0,1.0,0,1,0.0,27,26380,0.001023502653525398,0.0
hsa-miR-7111-5p,1.0,1.0,1.0,0,1,0.0,1,26380,3.7907505686125855e-05,0.0
hsa-miR-7151-3p,1.0,1.0,1.0,0,1,0.0,72,26380,0.0027293404094010615,0.0
hsa-miR-744-3p,1.0,1.0,1.0,0,1,0.0,555,26380,0.02103866565579985,0.0
hsa-miR-744-5p,1.0,1.0,1.0,0,1,0.0,2744,26380,0.10401819560272935,0.0
hsa-miR-758-3p,1.0,1.0,1.0,0,1,0.0,358,26380,0.013570887035633056,0.0
hsa-miR-758-5p,1.0,1.0,1.0,0,1,0.0,569,26380,0.02156937073540561,0.0
hsa-miR-760,1.0,1.0,1.0,0,1,0.0,660,26380,0.025018953752843062,0.0
hsa-miR-765,1.0,1.0,1.0,0,1,0.0,473,26380,0.01793025018953753,0.0
hsa-miR-766-3p,1.0,1.0,1.0,0,1,0.0,470,26380,0.01781652767247915,0.0
hsa-miR-766-5p,1.0,1.0,1.0,0,1,0.0,3265,26380,0.12376800606520091,0.0
hsa-miR-767-3p,1.0,1.0,1.0,0,1,0.0,40,26380,0.001516300227445034,0.0
hsa-miR-767-5p,1.0,1.0,1.0,0,1,0.0,1058,26380,0.04010614101592115,0.0
hsa-miR-769-3p,1.0,1.0,1.0,0,1,0.0,354,26380,0.013419257012888552,0.0
hsa-miR-769-5p,1.0,1.0,1.0,0,1,0.0,1925,26380,0.07297194844579227,0.0
hsa-miR-770-5p,1.0,1.0,1.0,0,1,0.0,123,26380,0.00466262319939348,0.0
hsa-miR-7703,1.0,1.0,1.0,0,1,0.0,1,26380,3.7907505686125855e-05,0.0
hsa-miR-7704,1.0,1.0,1.0,0,1,0.0,9,26380,0.0003411675511751327,0.0
hsa-miR-7706,1.0,1.0,1.0,0,1,0.0,1034,26380,0.039196360879454134,0.0
hsa-miR-7843-5p,1.0,1.0,1.0,0,1,0.0,486,26380,0.018423047763457163,0.0
hsa-miR-7850-5p,1.0,1.0,1.0,0,1,0.0,136,26380,0.005155420773313116,0.0
hsa-miR-7851-3p,1.0,1.0,1.0,0,1,0.0,25,26380,0.0009476876421531463,0.0
hsa-miR-7854-3p,1.0,1.0,1.0,0,1,0.0,786,26380,0.02979529946929492,0.0
hsa-miR-7974,1.0,1.0,1.0,0,1,0.0,342,26380,0.012964366944655041,0.0
hsa-miR-7976,1.0,1.0,1.0,0,1,0.0,8,26380,0.00030326004548900684,0.0
hsa-miR-7977,1.0,1.0,1.0,0,1,0.0,221,26380,0.008377558756633813,0.0
hsa-miR-802,1.0,1.0,1.0,0,1,0.0,73,26380,0.0027672479150871875,0.0
hsa-miR-8485,1.0,1.0,1.0,0,1,0.0,26,26380,0.0009855951478392722,0.0
hsa-miR-873-3p,1.0,1.0,1.0,0,1,0.0,1160,26380,0.04397270659590599,0.0
hsa-miR-873-5p,1.0,1.0,1.0,0,1,0.0,967,26380,0.0366565579984837,0.0
hsa-miR-874-3p,1.0,1.0,1.0,0,1,0.0,368,26380,0.013949962092494314,0.0
hsa-miR-874-5p,1.0,1.0,1.0,0,1,0.0,33,26380,0.0012509476876421532,0.0
hsa-miR-876-3p,1.0,1.0,1.0,0,1,0.0,4511,26380,0.17100075815011373,0.0
hsa-miR-876-5p,1.0,1.0,1.0,0,1,0.0,1139,26380,0.043176648976497346,0.0
hsa-miR-877-3p,1.0,1.0,1.0,0,1,0.0,57,26380,0.0021607278241091736,0.0
hsa-miR-877-5p,1.0,1.0,1.0,0,1,0.0,4733,26380,0.17941622441243366,0.0
hsa-miR-885-3p,1.0,1.0,1.0,0,1,0.0,1665,26380,0.06311599696739954,0.0
hsa-miR-885-5p,1.0,1.0,1.0,0,1,0.0,516,26380,0.01956027293404094,0.0
hsa-miR-887-3p,1.0,1.0,1.0,0,1,0.0,689,26380,0.026118271417740712,0.0
hsa-miR-887-5p,1.0,1.0,1.0,0,1,0.0,4,26380,0.00015163002274450342,0.0
hsa-miR-888-5p,1.0,1.0,1.0,0,1,0.0,22,26380,0.0008339651250947687,0.0
hsa-miR-889-3p,1.0,1.0,1.0,0,1,0.0,18,26380,0.0006823351023502654,0.0
hsa-miR-889-5p,1.0,1.0,1.0,0,1,0.0,335,26380,0.01269901440485216,0.0
hsa-miR-891a-5p,1.0,1.0,1.0,0,1,0.0,120,26380,0.004548900682335102,0.0
hsa-miR-891b,1.0,1.0,1.0,0,1,0.0,117,26380,0.004435178165276725,0.0
hsa-miR-892b,1.0,1.0,1.0,0,1,0.0,1,26380,3.7907505686125855e-05,0.0
hsa-miR-9-3p,1.0,1.0,1.0,0,1,0.0,1112,26380,0.04215314632297195,0.0
hsa-miR-9-5p,1.0,1.0,1.0,0,1,0.0,4532,26380,0.17179681576952235,0.0
hsa-miR-920,1.0,1.0,1.0,0,1,0.0,180,26380,0.006823351023502654,0.0
hsa-miR-92a-1-5p,1.0,1.0,1.0,0,1,0.0,939,26380,0.03559514783927217,0.0
hsa-miR-92a-2-5p,1.0,1.0,1.0,0,1,0.0,83,26380,0.0031463229719484458,0.0
hsa-miR-92a-3p,1.0,1.0,1.0,0,1,0.0,8627,26380,0.3270280515542077,0.0
hsa-miR-92b-3p,1.0,1.0,1.0,0,1,0.0,7944,26380,0.3011372251705838,0.0
hsa-miR-92b-5p,1.0,1.0,1.0,0,1,0.0,404,26380,0.015314632297194845,0.0
hsa-miR-93-3p,1.0,1.0,1.0,0,1,0.0,2559,26380,0.09700530705079606,0.0
hsa-miR-93-5p,1.0,1.0,1.0,0,1,0.0,8528,26380,0.3232752084912813,0.0
hsa-miR-934,1.0,1.0,1.0,0,1,0.0,30,26380,0.0011372251705837756,0.0
hsa-miR-935,1.0,1.0,1.0,0,1,0.0,186,26380,0.007050796057619409,0.0
hsa-miR-936,1.0,1.0,1.0,0,1,0.0,1,26380,3.7907505686125855e-05,0.0
hsa-miR-937-3p,1.0,1.0,1.0,0,1,0.0,72,26380,0.0027293404094010615,0.0
hsa-miR-937-5p,1.0,1.0,1.0,0,1,0.0,1,26380,3.7907505686125855e-05,0.0
hsa-miR-939-5p,1.0,1.0,1.0,0,1,0.0,257,26380,0.009742228961334344,0.0
hsa-miR-940,1.0,1.0,1.0,0,1,0.0,1029,26380,0.039006823351023505,0.0
hsa-miR-941,1.0,1.0,1.0,0,1,0.0,1163,26380,0.04408642911296437,0.0
hsa-miR-942-3p,1.0,1.0,1.0,0,1,0.0,82,26380,0.0031084154662623198,0.0
hsa-miR-942-5p,1.0,1.0,1.0,0,1,0.0,1788,26380,0.06777862016679302,0.0
hsa-miR-943,1.0,1.0,1.0,0,1,0.0,65,26380,0.0024639878695981803,0.0
hsa-miR-944,1.0,1.0,1.0,0,1,0.0,78,26380,0.0029567854435178166,0.0
hsa-miR-95-3p,1.0,1.0,1.0,0,1,0.0,918,26380,0.034799090219863535,0.0
hsa-miR-95-5p,1.0,1.0,1.0,0,1,0.0,41,26380,0.0015542077331311599,0.0
hsa-miR-96-3p,1.0,1.0,1.0,0,1,0.0,36,26380,0.0013646702047005307,0.0
hsa-miR-96-5p,1.0,1.0,1.0,0,1,0.0,4700,26380,0.17816527672479152,0.0
hsa-miR-98-3p,1.0,1.0,1.0,0,1,0.0,607,26380,0.023009855951478392,0.0
hsa-miR-98-5p,1.0,1.0,1.0,0,1,0.0,9374,26380,0.35534495830174373,0.0
hsa-miR-9900,1.0,1.0,1.0,0,1,0.0,10,26380,0.0003790750568612585,0.0
hsa-miR-9903,1.0,1.0,1.0,0,1,0.0,353,26380,0.013381349507202427,0.0
hsa-miR-9983-3p,1.0,1.0,1.0,0,1,0.0,42,26380,0.001592115238817286,0.0
hsa-miR-9985,1.0,1.0,1.0,0,1,0.0,1698,26380,0.0643669446550417,0.0
hsa-miR-99a-3p,1.0,1.0,1.0,0,1,0.0,535,26380,0.02028051554207733,0.0
hsa-miR-99a-5p,1.0,1.0,1.0,0,1,0.0,771,26380,0.029226686884003032,0.0
hsa-miR-99b-3p,1.0,1.0,1.0,0,1,0.0,1275,26380,0.04833206974981046,0.0
hsa-miR-99b-5p,1.0,1.0,1.0,0,1,0.0,995,26380,0.03771796815769522,0.0
